Order_ID,Order_Date,Customer,City,Category,Product,Quantity,Unit_Price,Discount,Sales,Cost,Profit,Channel
SO000001,2025-08-08,Fatima Okoye,Kano,Accessories,Headphones,5,1702,0,8510,5546.27,2963.73,Online
SO000002,2022-01-23,Emeka Miller,Johannesburg,Electronics,Printer,6,1101,0.1,5945.4,4247.35,1698.05,Wholesale
SO000003,2022-10-29,Susan Adeyemi,Enugu,Accessories,USB Hub,2,468,0,936,638.82,297.18,Online
SO000004,2022-09-14,Fatima Miller,Benin City,Office,Tablet,3,334,0.15,851.7,675.18,176.52,Wholesale
SO000005,2023-11-07,Robert Davis,Benin City,Accessories,External SSD,2,1261,0.1,2269.8,1599.21,670.59,Online
SO000006,2024-04-29,Emeka Ogunleye,Johannesburg,Electronics,Printer,4,822,0,3288,1982.2,1305.8,Retail
SO000007,2025-03-01,Susan Eze,Lagos,Electronics,Smartphone,8,186,0,1488,831.32,656.68,Wholesale
SO000008,2025-04-02,Charles Adebayo,Enugu,Computing,Webcam,5,997,0,4985,2893.34,2091.66,Retail
SO000009,2023-01-04,Barbara Adebayo,Cape Town,Electronics,Keyboard,1,1098,0.2,878.4,679.15,199.25,Retail
SO000010,2022-04-23,Barbara Miller,Kano,Electronics,Laptop,6,1484,0,8904,5145.26,3758.74,Wholesale
SO000011,2022-12-14,Michael Mensah,Kano,Mobile,Monitor,2,215,0.05,408.5,272.32,136.18,Online
SO000012,2022-07-27,Barbara Jones,Cape Town,Mobile,Smartphone,1,71,0.1,63.9,49.67,14.23,Online
SO000013,2025-03-17,Michael Adeyemi,Dubai,Accessories,Mouse,8,934,0.15,6351.2,5197.4,1153.8,Wholesale
SO000014,2024-06-25,Mary Mensah,New York,Accessories,Router,3,1158,0.15,2952.9,2102.73,850.17,Retail
SO000015,2022-10-01,John Adebayo,Enugu,Office,External SSD,1,1041,0.1,936.9,717.11,219.79,Wholesale
SO000016,2022-01-30,Joseph Davis,Lagos,Accessories,Laptop,7,924,0.1,5821.2,3341.83,2479.37,Wholesale
SO000017,2025-01-23,Karen Wilson,Toronto,Electronics,External SSD,6,1494,0,8964,7184.42,1779.58,Wholesale
SO000018,2025-02-16,Susan Ibrahim,Abuja,Office,Keyboard,1,1176,0.05,1117.2,903.66,213.54,Online
SO000019,2025-06-02,Yusuf Miller,Lagos,Accessories,Webcam,8,1424,0,11392,6857.27,4534.73,Wholesale
SO000020,2022-08-07,James Eze,Lagos,Office,Tablet,5,322,0.2,1288.0,845.73,442.27,Retail
SO000021,2024-04-16,Ibrahim Johnson,Dubai,Computing,USB Hub,2,809,0.15,1375.3,963.74,411.56,Retail
SO000022,2025-05-06,Chinedu Thomas,Nairobi,Office,Mouse,7,1433,0.05,9529.45,5895.49,3633.96,Wholesale
SO000023,2022-05-29,Michael Jones,Accra,Electronics,Keyboard,6,1346,0.15,6864.6,4316.95,2547.65,Wholesale
SO000024,2023-07-02,Karen Thomas,Kano,Accessories,Smartphone,2,1186,0,2372,1842.51,529.49,Retail
SO000025,2024-08-06,Ngozi Adebayo,Enugu,Mobile,Office Chair,5,159,0.05,755.25,438.83,316.42,Online
SO000026,2024-10-23,Robert Okafor,Cape Town,Mobile,Smartphone,4,560,0,2240,1587.87,652.13,Online
SO000027,2023-06-08,David Musa,New York,Mobile,Desk,2,1128,0.05,2143.2,1394.07,749.13,Wholesale
SO000028,2025-11-17,William Okoye,Port Harcourt,Accessories,Office Chair,3,585,0.15,1491.75,1169.0,322.75,Retail
SO000029,2024-04-15,Susan Anderson,Lagos,Accessories,Tablet,5,186,0.1,837.0,676.95,160.05,Wholesale
SO000030,2024-04-23,Fatima Okoye,Benin City,Mobile,Desk,5,771,0.1,3469.5,2297.56,1171.94,Online
SO000031,2024-10-11,Susan Jones,Abuja,Computing,Keyboard,1,1474,0,1474,1054.11,419.89,Retail
SO000032,2023-05-14,Susan Thomas,Enugu,Computing,Office Chair,5,1181,0,5905,4287.0,1618.0,Wholesale
SO000033,2025-05-04,Fatima Okoye,Dubai,Electronics,Laptop,2,1073,0.1,1931.4,1111.56,819.84,Wholesale
SO000034,2025-10-07,Jennifer Musa,Benin City,Accessories,Smartphone,1,1621,0,1621,1046.88,574.12,Retail
SO000035,2022-07-17,Ada Anderson,Abuja,Office,External SSD,6,1783,0.1,9628.2,5439.26,4188.94,Wholesale
SO000036,2024-03-04,Tunde Bello,Nairobi,Office,Office Chair,6,796,0.15,4059.6,3072.82,986.78,Wholesale
SO000037,2023-03-27,Fatima Ibrahim,Port Harcourt,Mobile,Router,2,1195,0.05,2270.5,1507.16,763.34,Wholesale
SO000038,2023-10-04,Patricia Adeyemi,Ibadan,Electronics,Keyboard,6,479,0,2874,1978.9,895.1,Retail
SO000039,2023-07-07,James Ogunleye,Nairobi,Accessories,Laptop,6,1674,0.2,8035.2,5248.72,2786.48,Wholesale
SO000040,2022-07-01,Tunde Brown,Accra,Accessories,Headphones,7,1262,0,8834,6919.62,1914.38,Wholesale
SO000041,2024-07-03,Sarah Okafor,Enugu,Electronics,Office Chair,8,935,0.15,6358.0,4317.16,2040.84,Wholesale
SO000042,2023-11-23,Patricia Thomas,Dubai,Computing,Keyboard,1,188,0.15,159.8,117.97,41.83,Wholesale
SO000043,2023-07-12,David Miller,Abuja,Computing,Desk,2,539,0.1,970.2,748.58,221.62,Wholesale
SO000044,2023-07-26,Aisha Wilson,Ibadan,Accessories,Printer,7,656,0.05,4362.4,2476.98,1885.42,Wholesale
SO000045,2024-11-27,Emeka Bello,Cape Town,Computing,Webcam,2,1065,0.05,2023.5,1235.66,787.84,Wholesale
SO000046,2023-04-28,Aisha Ogunleye,Kano,Mobile,Keyboard,8,703,0.15,4780.4,2710.93,2069.47,Wholesale
SO000047,2024-06-08,Jennifer Jones,New York,Accessories,Laptop,8,87,0,696,418.15,277.85,Online
SO000048,2025-09-02,Emeka Eze,Johannesburg,Electronics,Mouse,1,38,0.1,34.2,23.16,11.04,Retail
SO000049,2023-08-03,Patricia Wilson,Port Harcourt,Electronics,Desk,4,1227,0.1,4417.2,3406.89,1010.31,Online
SO000050,2022-09-18,Daniel Adeyemi,Dubai,Accessories,Smartphone,3,1726,0,5178,3353.7,1824.3,Retail
SO000051,2025-08-04,Patricia Smith,Nairobi,Computing,USB Hub,2,1477,0.2,2363.2,1413.77,949.43,Wholesale
SO000052,2024-04-18,Jessica Adebayo,Toronto,Accessories,Webcam,3,287,0.2,688.8,536.96,151.84,Retail
SO000053,2024-03-24,Joseph Ibrahim,Toronto,Mobile,Laptop,4,1559,0.15,5300.6,2968.26,2332.34,Online
SO000054,2025-11-25,Mary Williams,Benin City,Office,Power Bank,5,1738,0.2,6952.0,5266.12,1685.88,Retail
SO000055,2023-04-23,Ngozi Adebayo,Enugu,Mobile,Headphones,4,427,0.15,1451.8,1137.72,314.08,Online
SO000056,2025-08-05,Mary Bello,Nairobi,Computing,External SSD,2,514,0.15,873.8,675.46,198.34,Online
SO000057,2023-04-23,Jennifer Okoye,Enugu,Electronics,Laptop,4,1706,0,6824,3998.66,2825.34,Retail
SO000058,2022-12-28,Fatima Ogunleye,Cape Town,Electronics,Headphones,6,949,0.05,5409.3,4268.34,1140.96,Wholesale
SO000059,2023-09-17,Thomas Miller,Kano,Accessories,USB Hub,3,1145,0,3435,1895.4,1539.6,Retail
SO000060,2025-03-15,Jennifer Eze,Nairobi,Computing,Router,6,94,0.2,451.2,367.79,83.41,Retail
SO000061,2022-09-16,Karen Okafor,Toronto,Mobile,Monitor,6,1327,0.2,6369.6,4012.51,2357.09,Retail
SO000062,2024-03-31,Susan Brown,Abuja,Electronics,Desk,8,1107,0.2,7084.8,5065.39,2019.41,Wholesale
SO000063,2023-07-16,Yusuf Mensah,New York,Computing,USB Hub,5,1787,0.15,7594.75,5245.35,2349.4,Online
SO000064,2024-01-11,Chinedu Johnson,Cape Town,Office,Headphones,3,1163,0.1,3140.1,2103.69,1036.41,Online
SO000065,2023-11-12,Ada Mensah,Nairobi,Computing,Office Chair,7,728,0.1,4586.4,3247.7,1338.7,Online
SO000066,2022-09-29,Karen Ogunleye,New York,Mobile,Laptop,1,1038,0.15,882.3,650.79,231.51,Online
SO000067,2022-02-06,Jennifer Okoye,Enugu,Mobile,Mouse,3,894,0.1,2413.8,1627.26,786.54,Online
SO000068,2022-05-13,Karen Wilson,Toronto,Office,Keyboard,2,641,0,1282,801.72,480.28,Retail
SO000069,2024-07-15,Sarah Brown,Nairobi,Office,Laptop,2,438,0.2,700.8,469.77,231.03,Online
SO000070,2023-05-03,Robert Eze,Benin City,Accessories,Power Bank,7,447,0,3129,2144.22,984.78,Retail
SO000071,2024-10-07,Emeka Wilson,Benin City,Accessories,Headphones,1,727,0,727,405.27,321.73,Retail
SO000072,2022-03-26,David Okoye,Kano,Office,Headphones,1,1250,0,1250,1011.73,238.27,Online
SO000073,2023-03-26,Ibrahim Adeyemi,Benin City,Accessories,Tablet,4,317,0,1268,851.76,416.24,Online
SO000074,2024-09-04,Jessica Ibrahim,Nairobi,Computing,Webcam,4,159,0,636,440.33,195.67,Online
SO000075,2023-04-01,Ibrahim Adebayo,Kano,Accessories,Office Chair,4,1591,0,6364,5076.78,1287.22,Online
SO000076,2025-02-24,Thomas Wilson,Nairobi,Accessories,Keyboard,1,722,0.05,685.9,492.69,193.21,Wholesale
SO000077,2025-07-21,Fatima Mensah,Enugu,Electronics,Mouse,4,269,0.05,1022.2,728.96,293.24,Wholesale
SO000078,2024-04-04,Emeka Ogunleye,Toronto,Mobile,Smartphone,6,483,0,2898,2208.14,689.86,Online
SO000079,2022-09-03,Charles Jones,Abuja,Electronics,Router,3,62,0.2,148.8,120.53,28.27,Retail
SO000080,2025-09-12,Robert Wilson,Abuja,Mobile,Webcam,2,859,0.15,1460.3,1177.97,282.33,Wholesale
SO000081,2022-12-22,Barbara Ibrahim,Dubai,Mobile,Office Chair,1,891,0,891,663.14,227.86,Wholesale
SO000082,2022-12-09,Fatima Adeyemi,Lagos,Accessories,Keyboard,3,932,0,2796,2270.75,525.25,Online
SO000083,2024-06-07,Tunde Smith,Abuja,Office,Smartphone,4,36,0.15,122.4,92.69,29.71,Wholesale
SO000084,2024-11-25,Joseph Brown,Enugu,Mobile,Mouse,6,1237,0.2,5937.6,4814.12,1123.48,Wholesale
SO000085,2025-02-20,Robert Ogunleye,Abuja,Computing,Printer,5,1305,0,6525,3710.66,2814.34,Retail
SO000086,2023-05-15,Blessing Johnson,Accra,Electronics,USB Hub,6,1044,0,6264,4673.49,1590.51,Retail
SO000087,2022-12-17,Joseph Adebayo,Nairobi,Electronics,Office Chair,6,32,0,192,148.1,43.9,Wholesale
SO000088,2024-05-07,Linda Thomas,Toronto,Accessories,Smartphone,6,273,0.2,1310.4,852.98,457.42,Online
SO000089,2024-03-06,Blessing Bello,Toronto,Computing,Desk,1,72,0,72,40.9,31.1,Wholesale
SO000090,2022-05-21,Barbara Miller,Port Harcourt,Mobile,Printer,3,677,0.2,1624.8,1013.05,611.75,Online
SO000091,2023-04-17,David Davis,Lagos,Office,Laptop,4,1312,0.1,4723.2,3314.35,1408.85,Online
SO000092,2025-05-06,Susan Bello,Cape Town,Accessories,USB Hub,2,1364,0.15,2318.8,1784.1,534.7,Wholesale
SO000093,2024-05-15,Ngozi Bello,Ibadan,Computing,Webcam,4,1506,0.05,5722.8,4439.32,1283.48,Online
SO000094,2023-03-15,Ibrahim Adebayo,Port Harcourt,Computing,Desk,3,38,0,114,90.96,23.04,Wholesale
SO000095,2025-02-27,Blessing Brown,Port Harcourt,Electronics,Router,5,32,0,160,115.88,44.12,Wholesale
SO000096,2024-08-08,Yusuf Musa,Lagos,Mobile,Webcam,3,1428,0.05,4069.8,2764.95,1304.85,Retail
SO000097,2025-11-06,Patricia Johnson,Dubai,Computing,USB Hub,1,988,0.1,889.2,635.14,254.06,Wholesale
SO000098,2024-08-12,Joseph Mensah,Johannesburg,Accessories,Smartphone,2,1054,0,2108,1504.96,603.04,Online
SO000099,2023-01-15,Robert Eze,London,Mobile,External SSD,5,1451,0,7255,5121.31,2133.69,Online
SO000100,2025-03-25,Patricia Adeyemi,London,Office,Keyboard,2,114,0,228,184.66,43.34,Retail
SO000101,2024-12-11,Aisha Adebayo,Accra,Mobile,Keyboard,1,1354,0.2,1083.2,600.2,483.0,Wholesale
SO000102,2023-11-13,Emeka Miller,Cape Town,Computing,Monitor,5,1073,0,5365,3077.54,2287.46,Retail
SO000103,2022-07-10,Barbara Musa,Lagos,Electronics,USB Hub,3,1332,0,3996,2620.13,1375.87,Online
SO000104,2022-06-26,Ngozi Okoye,Accra,Office,Office Chair,8,1494,0,11952,8050.48,3901.52,Online
SO000105,2024-10-03,Michael Bello,Nairobi,Computing,Webcam,4,835,0,3340,2622.21,717.79,Online
SO000106,2024-08-24,Jennifer Adeyemi,Enugu,Mobile,Office Chair,1,1487,0,1487,1019.97,467.03,Retail
SO000107,2023-01-11,Robert Brown,Benin City,Electronics,Power Bank,7,574,0.1,3616.2,2461.29,1154.91,Online
SO000108,2025-08-17,Susan Okafor,Toronto,Accessories,Smartphone,7,1422,0,9954,5876.53,4077.47,Wholesale
SO000109,2023-11-13,Blessing Adebayo,Accra,Office,Mouse,5,397,0.15,1687.25,929.2,758.05,Wholesale
SO000110,2022-01-20,Joseph Eze,Ibadan,Computing,Desk,6,968,0,5808,3279.51,2528.49,Online
SO000111,2022-04-04,Aisha Ibrahim,Lagos,Electronics,Webcam,1,245,0.15,208.25,133.86,74.39,Wholesale
SO000112,2025-04-30,David Bello,London,Office,Power Bank,2,1690,0.1,3042.0,1868.58,1173.42,Wholesale
SO000113,2022-09-28,Karen Eze,Accra,Mobile,External SSD,8,439,0,3512,2687.99,824.01,Retail
SO000114,2025-09-14,Yusuf Thomas,New York,Computing,External SSD,6,44,0.2,211.2,122.68,88.52,Wholesale
SO000115,2025-05-24,Tunde Davis,Toronto,Accessories,Power Bank,2,717,0.05,1362.3,888.88,473.42,Wholesale
SO000116,2024-11-27,Susan Thomas,Cape Town,Accessories,Laptop,2,1379,0,2758,1528.14,1229.86,Retail
SO000117,2023-06-14,William Jones,Toronto,Mobile,Office Chair,6,1444,0,8664,4957.46,3706.54,Retail
SO000118,2024-01-14,Thomas Brown,Dubai,Electronics,Mouse,1,1193,0.05,1133.35,627.96,505.39,Online
SO000119,2024-07-11,Patricia Eze,Kano,Accessories,Keyboard,3,614,0.1,1657.8,1070.18,587.62,Wholesale
SO000120,2023-04-26,Joseph Miller,Enugu,Computing,Monitor,1,711,0,711,495.73,215.27,Wholesale
SO000121,2024-06-13,Patricia Okafor,London,Office,Office Chair,6,98,0,588,442.7,145.3,Retail
SO000122,2023-07-13,Yusuf Wilson,Ibadan,Computing,External SSD,1,1268,0.15,1077.8,773.55,304.25,Online
SO000123,2024-11-03,David Thomas,London,Computing,Webcam,8,1582,0.1,11390.4,8472.61,2917.79,Online
SO000124,2025-05-24,Jessica Mensah,Toronto,Office,Smartphone,5,773,0.2,3092.0,2085.74,1006.26,Retail
SO000125,2024-07-23,Emeka Wilson,Ibadan,Mobile,Power Bank,5,473,0.1,2128.5,1710.25,418.25,Retail
SO000126,2023-09-03,Susan Ibrahim,Nairobi,Computing,Router,5,267,0.05,1268.25,867.99,400.26,Wholesale
SO000127,2023-11-26,James Davis,Lagos,Computing,Desk,2,208,0,416,230.28,185.72,Retail
SO000128,2025-02-08,Patricia Ogunleye,Ibadan,Mobile,Printer,8,1056,0,8448,5490.04,2957.96,Online
SO000129,2025-05-16,David Smith,Port Harcourt,Office,Tablet,4,1747,0,6988,5611.94,1376.06,Wholesale
SO000130,2025-08-02,Aisha Brown,Cape Town,Accessories,Desk,3,544,0.05,1550.4,972.0,578.4,Online
SO000131,2023-08-03,James Adebayo,Port Harcourt,Electronics,External SSD,7,1012,0.1,6375.6,5139.32,1236.28,Wholesale
SO000132,2024-10-22,Aisha Anderson,Johannesburg,Mobile,USB Hub,3,413,0,1239,784.34,454.66,Retail
SO000133,2023-10-10,Ibrahim Smith,Toronto,Office,Printer,7,1080,0.1,6804.0,5139.57,1664.43,Wholesale
SO000134,2022-01-02,Emeka Adeyemi,New York,Office,Webcam,5,908,0.15,3859.0,2365.98,1493.02,Retail
SO000135,2022-05-22,Linda Musa,Johannesburg,Mobile,Headphones,4,561,0.15,1907.4,1505.53,401.87,Online
SO000136,2022-08-11,Yusuf Mensah,Kano,Mobile,Router,3,417,0.1,1125.9,631.49,494.41,Wholesale
SO000137,2023-05-08,Charles Thomas,Johannesburg,Office,Desk,2,1553,0.15,2640.1,2042.67,597.43,Wholesale
SO000138,2023-10-21,Susan Anderson,Lagos,Office,Monitor,7,1591,0.1,10023.3,8164.55,1858.75,Retail
SO000139,2022-10-28,Linda Brown,Benin City,Accessories,USB Hub,7,1614,0.05,10733.1,6866.9,3866.2,Wholesale
SO000140,2022-02-13,Ngozi Adebayo,Lagos,Office,Router,2,845,0.15,1436.5,1177.52,258.98,Retail
SO000141,2024-06-16,Barbara Bello,Dubai,Office,Power Bank,1,669,0,669,540.72,128.28,Retail
SO000142,2023-10-29,Blessing Williams,Kano,Electronics,Laptop,5,1340,0,6700,4407.24,2292.76,Online
SO000143,2023-09-28,Patricia Davis,Ibadan,Mobile,Keyboard,6,1641,0.15,8369.1,6004.16,2364.94,Retail
SO000144,2025-05-22,Daniel Okafor,Johannesburg,Mobile,External SSD,4,301,0.15,1023.4,803.73,219.67,Online
SO000145,2025-08-11,James Brown,Enugu,Electronics,Laptop,8,1720,0.1,12384.0,7418.04,4965.96,Retail
SO000146,2024-02-13,Chinedu Williams,Johannesburg,Electronics,External SSD,1,582,0.1,523.8,352.07,171.73,Online
SO000147,2023-04-10,Aisha Ogunleye,Johannesburg,Mobile,Keyboard,6,800,0.15,4080.0,3277.61,802.39,Wholesale
SO000148,2024-05-26,Daniel Johnson,Abuja,Electronics,Printer,4,97,0,388,298.39,89.61,Retail
SO000149,2025-12-17,James Miller,Benin City,Mobile,Keyboard,3,708,0.15,1805.4,1320.36,485.04,Online
SO000150,2024-02-01,David Adebayo,Abuja,Electronics,Laptop,5,162,0.05,769.5,447.09,322.41,Retail
SO000151,2023-09-29,Karen Wilson,Accra,Mobile,Monitor,1,509,0,509,416.11,92.89,Wholesale
SO000152,2022-06-15,William Davis,London,Accessories,USB Hub,6,1725,0.15,8797.5,5803.0,2994.5,Online
SO000153,2023-11-18,Fatima Eze,Abuja,Electronics,USB Hub,6,1708,0,10248,7048.88,3199.12,Wholesale
SO000154,2024-12-11,Karen Anderson,Dubai,Office,Laptop,2,89,0,178,106.18,71.82,Online
SO000155,2025-12-31,Robert Ibrahim,Johannesburg,Mobile,External SSD,5,1405,0.05,6673.75,4842.56,1831.19,Online
SO000156,2025-05-13,Fatima Johnson,Abuja,Electronics,Office Chair,6,238,0.15,1213.8,688.98,524.82,Retail
SO000157,2023-03-29,John Adebayo,Lagos,Office,Webcam,6,1159,0,6954,5395.3,1558.7,Online
SO000158,2022-02-04,Chinedu Jones,Accra,Electronics,Keyboard,2,269,0.2,430.4,256.72,173.68,Online
SO000159,2022-09-22,Thomas Anderson,Port Harcourt,Accessories,Office Chair,3,1006,0,3018,1761.89,1256.11,Wholesale
SO000160,2023-10-26,Blessing Bello,Cape Town,Computing,Desk,1,194,0.1,174.6,112.9,61.7,Retail
SO000161,2023-03-26,Blessing Eze,Benin City,Office,Keyboard,2,1457,0,2914,2294.88,619.12,Retail
SO000162,2023-10-05,Ngozi Adeyemi,Benin City,Accessories,External SSD,2,1195,0,2390,1773.86,616.14,Retail
SO000163,2025-05-26,Barbara Thomas,New York,Mobile,Office Chair,4,332,0.2,1062.4,617.76,444.64,Online
SO000164,2022-04-04,Thomas Ibrahim,Benin City,Accessories,Monitor,5,186,0.1,837.0,662.05,174.95,Wholesale
SO000165,2022-01-24,Ngozi Ogunleye,London,Electronics,Power Bank,1,759,0.2,607.2,345.21,261.99,Retail
SO000166,2025-07-29,William Williams,Enugu,Electronics,USB Hub,8,943,0.2,6035.2,4634.08,1401.12,Retail
SO000167,2023-05-26,Blessing Davis,Johannesburg,Office,USB Hub,2,912,0,1824,1042.2,781.8,Wholesale
SO000168,2022-09-24,Michael Wilson,Enugu,Accessories,Keyboard,2,245,0.1,441.0,305.04,135.96,Retail
SO000169,2022-09-01,James Anderson,Nairobi,Accessories,Monitor,2,132,0,264,199.69,64.31,Online
SO000170,2024-03-20,Karen Ogunleye,Accra,Office,Desk,1,322,0.05,305.9,240.17,65.73,Online
SO000171,2022-05-04,David Smith,Nairobi,Computing,Power Bank,7,1377,0,9639,5728.1,3910.9,Online
SO000172,2024-04-26,Tunde Adebayo,Dubai,Electronics,Printer,2,1319,0,2638,1779.08,858.92,Online
SO000173,2023-03-22,Karen Wilson,Nairobi,Mobile,Monitor,6,396,0,2376,1571.9,804.1,Online
SO000174,2025-10-02,Patricia Mensah,Toronto,Mobile,Office Chair,7,971,0,6797,5134.18,1662.82,Retail
SO000175,2022-02-19,Barbara Ogunleye,Abuja,Electronics,Printer,4,446,0.2,1427.2,965.33,461.87,Wholesale
SO000176,2025-08-19,Karen Okafor,Cape Town,Office,External SSD,6,815,0.15,4156.5,2840.21,1316.29,Online
SO000177,2022-09-02,Tunde Davis,Ibadan,Office,Monitor,2,688,0.15,1169.6,685.46,484.14,Wholesale
SO000178,2025-01-03,Tunde Smith,Toronto,Office,Power Bank,6,1334,0,8004,5396.42,2607.58,Retail
SO000179,2024-01-19,Aisha Musa,Lagos,Accessories,Office Chair,1,158,0.15,134.3,101.16,33.14,Online
SO000180,2023-08-03,Ibrahim Johnson,Accra,Mobile,Headphones,3,1443,0.2,3463.2,2722.77,740.43,Online
SO000181,2025-04-29,Jessica Miller,Toronto,Computing,Router,1,1125,0,1125,884.73,240.27,Retail
SO000182,2023-04-21,Barbara Bello,Dubai,Office,Power Bank,4,1332,0,5328,3043.89,2284.11,Retail
SO000183,2022-07-26,Patricia Mensah,Abuja,Mobile,External SSD,3,746,0.05,2126.1,1212.7,913.4,Wholesale
SO000184,2022-07-19,Patricia Musa,Enugu,Mobile,Tablet,6,607,0.15,3095.7,2370.81,724.89,Retail
SO000185,2023-10-15,David Thomas,Benin City,Computing,Router,2,303,0,606,369.23,236.77,Online
SO000186,2025-08-21,Daniel Musa,Port Harcourt,Office,Headphones,4,1717,0,6868,4034.85,2833.15,Retail
SO000187,2025-12-12,Michael Okafor,Dubai,Electronics,Monitor,2,1553,0.05,2950.7,2002.26,948.44,Wholesale
SO000188,2022-01-19,Thomas Williams,Accra,Mobile,Keyboard,2,1794,0.2,2870.4,1927.26,943.14,Online
SO000189,2025-08-30,Robert Okoye,Kano,Accessories,External SSD,4,408,0.1,1468.8,1180.83,287.97,Retail
SO000190,2023-10-17,Jessica Okoye,London,Accessories,Monitor,2,1451,0.2,2321.6,1732.39,589.21,Online
SO000191,2024-01-04,Sarah Bello,New York,Mobile,Webcam,8,204,0.15,1387.2,770.43,616.77,Online
SO000192,2024-09-18,Ada Bello,Dubai,Mobile,Desk,5,22,0.05,104.5,62.74,41.76,Online
SO000193,2022-12-07,Robert Mensah,Accra,Computing,Keyboard,6,1091,0.2,5236.8,3764.7,1472.1,Online
SO000194,2024-09-29,David Ogunleye,Lagos,Accessories,Smartphone,3,1706,0.1,4606.2,2949.17,1657.03,Retail
SO000195,2025-01-07,Chinedu Williams,Abuja,Electronics,Headphones,7,1279,0.1,8057.7,4746.39,3311.31,Retail
SO000196,2022-10-28,Barbara Jones,Accra,Accessories,Desk,3,726,0,2178,1719.28,458.72,Wholesale
SO000197,2025-12-02,Joseph Okoye,Abuja,Electronics,Tablet,2,279,0.2,446.4,360.85,85.55,Online
SO000198,2025-03-20,Joseph Okafor,Toronto,Electronics,Smartphone,4,74,0.15,251.6,173.49,78.11,Wholesale
SO000199,2025-07-17,Joseph Ogunleye,Port Harcourt,Mobile,Laptop,1,586,0.15,498.1,377.1,121.0,Online
SO000200,2025-05-01,Jennifer Anderson,Benin City,Computing,Tablet,2,55,0.1,99.0,68.23,30.77,Online
SO000201,2025-07-11,Robert Okoye,New York,Accessories,Keyboard,4,769,0,3076,2278.37,797.63,Online
SO000202,2024-04-21,Chinedu Okoye,Lagos,Office,Office Chair,3,178,0.15,453.9,302.63,151.27,Retail
SO000203,2023-12-25,Yusuf Davis,New York,Computing,Headphones,1,1106,0,1106,842.27,263.73,Wholesale
SO000204,2024-01-25,Thomas Okafor,Accra,Electronics,Laptop,4,1243,0.15,4226.2,2546.1,1680.1,Wholesale
SO000205,2023-04-13,Jessica Brown,Benin City,Office,Router,8,197,0,1576,1241.65,334.35,Retail
SO000206,2023-09-08,John Johnson,Dubai,Computing,Desk,6,1527,0,9162,5045.18,4116.82,Retail
SO000207,2024-06-03,Jennifer Bello,Ibadan,Computing,Power Bank,4,1629,0,6516,3609.78,2906.22,Wholesale
SO000208,2024-08-07,Linda Davis,Cape Town,Office,Mouse,4,647,0.1,2329.2,1897.71,431.49,Wholesale
SO000209,2025-03-23,Jennifer Adebayo,Ibadan,Computing,Monitor,3,1499,0.15,3822.45,2749.98,1072.47,Wholesale
SO000210,2024-11-30,Ibrahim Miller,Toronto,Accessories,Webcam,4,204,0.15,693.6,485.95,207.65,Wholesale
SO000211,2023-04-19,Susan Musa,Nairobi,Mobile,Desk,2,953,0.15,1620.1,1021.46,598.64,Retail
SO000212,2022-04-23,Robert Musa,Toronto,Accessories,Monitor,3,1745,0.15,4449.75,3108.64,1341.11,Wholesale
SO000213,2024-10-25,William Davis,Accra,Computing,Headphones,2,1432,0.05,2720.8,1874.03,846.77,Wholesale
SO000214,2024-03-20,Emeka Smith,Nairobi,Electronics,Tablet,2,1106,0.05,2101.4,1614.82,486.58,Online
SO000215,2022-08-10,Michael Williams,London,Computing,Printer,2,574,0,1148,887.58,260.42,Retail
SO000216,2022-06-15,Linda Okoye,Dubai,Electronics,Smartphone,5,230,0.1,1035.0,840.35,194.65,Wholesale
SO000217,2022-09-28,Tunde Jones,Benin City,Office,Laptop,8,650,0.05,4940.0,3975.41,964.59,Retail
SO000218,2024-01-21,Ibrahim Adebayo,Enugu,Mobile,Mouse,6,1248,0.15,6364.8,4760.2,1604.6,Online
SO000219,2022-05-06,Jennifer Musa,Ibadan,Office,Laptop,3,238,0,714,419.62,294.38,Online
SO000220,2023-07-02,Ada Okafor,Kano,Mobile,Power Bank,4,660,0,2640,1942.36,697.64,Retail
SO000221,2022-07-22,Ngozi Thomas,Enugu,Electronics,Webcam,6,1464,0.1,7905.6,5572.21,2333.39,Retail
SO000222,2023-04-14,David Davis,Lagos,Mobile,Power Bank,6,405,0,2430,1638.31,791.69,Online
SO000223,2023-06-23,Ngozi Ogunleye,Port Harcourt,Mobile,Keyboard,8,1619,0,12952,7934.88,5017.12,Wholesale
SO000224,2023-09-10,Susan Adeyemi,Accra,Mobile,Laptop,1,768,0,768,497.27,270.73,Retail
SO000225,2025-09-13,Fatima Thomas,London,Office,USB Hub,2,1755,0.2,2808.0,2061.79,746.21,Wholesale
SO000226,2023-03-01,Emeka Bello,Cape Town,Accessories,Desk,6,149,0.1,804.6,559.37,245.23,Online
SO000227,2025-05-09,Elizabeth Bello,Toronto,Electronics,External SSD,7,141,0.2,789.6,573.6,216.0,Retail
SO000228,2023-01-15,Mary Eze,Johannesburg,Mobile,Mouse,2,1330,0.1,2394.0,1719.66,674.34,Online
SO000229,2025-07-28,Yusuf Wilson,Kano,Mobile,Smartphone,5,204,0,1020,668.78,351.22,Retail
SO000230,2025-03-18,Emeka Eze,Abuja,Mobile,Mouse,1,990,0,990,582.7,407.3,Online
SO000231,2024-10-07,Ibrahim Davis,Ibadan,Mobile,Tablet,6,670,0.15,3417.0,2302.44,1114.56,Wholesale
SO000232,2023-04-13,Elizabeth Ogunleye,Abuja,Office,Office Chair,8,197,0.2,1260.8,736.64,524.16,Retail
SO000233,2022-01-10,Susan Jones,Nairobi,Accessories,Printer,3,71,0.15,181.05,102.88,78.17,Online
SO000234,2025-10-12,Barbara Williams,Johannesburg,Computing,Smartphone,4,1459,0,5836,3268.7,2567.3,Wholesale
SO000235,2024-10-04,David Musa,Nairobi,Accessories,Headphones,2,1314,0,2628,1961.42,666.58,Online
SO000236,2024-10-31,Aisha Musa,Johannesburg,Computing,Printer,2,701,0,1402,1108.26,293.74,Online
SO000237,2025-08-05,Jessica Miller,Toronto,Office,External SSD,2,21,0.05,39.9,28.09,11.81,Wholesale
SO000238,2023-08-17,Susan Adebayo,Cape Town,Electronics,Printer,5,798,0,3990,2392.51,1597.49,Wholesale
SO000239,2025-12-20,Fatima Adeyemi,Lagos,Accessories,Smartphone,8,1415,0.2,9056.0,6127.1,2928.9,Retail
SO000240,2024-02-23,James Davis,Nairobi,Accessories,Headphones,7,1386,0.15,8246.7,6314.74,1931.96,Wholesale
SO000241,2025-02-25,Aisha Brown,Toronto,Office,Desk,7,614,0.05,4083.1,2886.12,1196.98,Online
SO000242,2024-08-31,David Ibrahim,Cape Town,Accessories,External SSD,6,119,0.05,678.3,539.9,138.4,Wholesale
SO000243,2022-08-23,Jessica Okafor,London,Accessories,Office Chair,6,1561,0.05,8897.7,5875.7,3022.0,Wholesale
SO000244,2025-06-05,Mary Johnson,Accra,Mobile,Tablet,6,1217,0,7302,5236.53,2065.47,Wholesale
SO000245,2023-12-24,Karen Anderson,Abuja,Computing,Tablet,8,695,0.15,4726.0,3647.55,1078.45,Retail
SO000246,2022-07-06,Jennifer Adeyemi,Lagos,Accessories,Tablet,1,532,0.2,425.6,324.22,101.38,Retail
SO000247,2025-11-19,David Eze,Lagos,Electronics,Laptop,8,371,0,2968,1946.52,1021.48,Retail
SO000248,2025-08-21,Robert Jones,Ibadan,Accessories,Monitor,4,1800,0.05,6840.0,3881.37,2958.63,Online
SO000249,2022-02-18,Sarah Musa,Kano,Electronics,Webcam,2,1004,0.1,1807.2,1301.43,505.77,Online
SO000250,2022-01-18,Jessica Miller,New York,Computing,Desk,7,1258,0.05,8365.7,6697.23,1668.47,Retail
SO000251,2022-01-22,Jessica Eze,Port Harcourt,Mobile,Webcam,3,1777,0.2,4264.8,2347.09,1917.71,Retail
SO000252,2024-11-30,Karen Anderson,Lagos,Office,Smartphone,2,1111,0,2222,1501.94,720.06,Online
SO000253,2024-01-27,Charles Anderson,New York,Accessories,Power Bank,6,616,0.15,3141.6,2085.53,1056.07,Wholesale
SO000254,2023-06-19,Patricia Ibrahim,Kano,Electronics,Tablet,8,1256,0,10048,7788.11,2259.89,Wholesale
SO000255,2025-08-27,Emeka Davis,Benin City,Computing,Mouse,5,1186,0.05,5633.5,3901.88,1731.62,Retail
SO000256,2024-12-30,Ngozi Mensah,Nairobi,Accessories,Router,4,914,0,3656,2189.23,1466.77,Online
SO000257,2024-10-21,Aisha Adeyemi,Abuja,Office,Router,5,1614,0.1,7263.0,4285.71,2977.29,Online
SO000258,2023-04-14,Karen Johnson,Toronto,Accessories,Router,5,575,0,2875,1992.25,882.75,Retail
SO000259,2025-07-11,David Ogunleye,Kano,Computing,Headphones,4,566,0.15,1924.4,1124.09,800.31,Retail
SO000260,2025-01-26,Linda Okafor,Dubai,Mobile,USB Hub,8,875,0,7000,4932.08,2067.92,Wholesale
SO000261,2025-12-28,Thomas Musa,Nairobi,Office,Mouse,6,1286,0.05,7330.2,5505.52,1824.68,Wholesale
SO000262,2022-08-16,John Bello,Accra,Office,Printer,2,697,0.15,1184.9,703.09,481.81,Online
SO000263,2025-11-03,Aisha Smith,Lagos,Accessories,Router,8,208,0.05,1580.8,884.94,695.86,Wholesale
SO000264,2023-11-17,Daniel Eze,Dubai,Office,Webcam,1,363,0.05,344.85,274.07,70.78,Online
SO000265,2023-02-18,Linda Wilson,Lagos,Office,Smartphone,8,600,0.1,4320.0,2930.81,1389.19,Online
SO000266,2024-09-06,Thomas Anderson,Cape Town,Office,Smartphone,3,1508,0.15,3845.4,2207.17,1638.23,Retail
SO000267,2022-06-03,John Smith,Enugu,Electronics,Smartphone,8,689,0.1,4960.8,3920.33,1040.47,Online
SO000268,2025-09-20,Mary Mensah,Johannesburg,Office,Keyboard,8,410,0.15,2788.0,2038.96,749.04,Wholesale
SO000269,2023-05-01,James Smith,Enugu,Accessories,Keyboard,4,274,0.1,986.4,609.85,376.55,Wholesale
SO000270,2022-02-01,Thomas Smith,New York,Mobile,Tablet,3,529,0.1,1428.3,960.94,467.36,Retail
SO000271,2024-11-12,Karen Williams,Benin City,Electronics,Office Chair,1,1099,0,1099,654.03,444.97,Online
SO000272,2022-04-13,Sarah Adebayo,Abuja,Mobile,Monitor,2,466,0.1,838.8,660.03,178.77,Online
SO000273,2024-11-30,Michael Miller,Abuja,Mobile,Smartphone,5,548,0,2740,1821.41,918.59,Wholesale
SO000274,2023-02-11,Michael Wilson,London,Electronics,Monitor,4,1445,0,5780,3375.18,2404.82,Online
SO000275,2024-01-09,John Brown,Abuja,Electronics,Router,3,696,0,2088,1608.65,479.35,Online
SO000276,2024-06-17,Yusuf Johnson,Nairobi,Electronics,Smartphone,3,1039,0.1,2805.3,1673.07,1132.23,Online
SO000277,2025-06-19,Tunde Smith,Johannesburg,Office,Webcam,7,481,0.1,3030.3,2371.26,659.04,Retail
SO000278,2024-07-06,Jennifer Okoye,Port Harcourt,Mobile,Monitor,6,221,0.2,1060.8,774.39,286.41,Online
SO000279,2025-11-16,David Smith,Johannesburg,Mobile,Webcam,8,283,0.05,2150.8,1572.49,578.31,Retail
SO000280,2025-04-19,Emeka Ogunleye,Lagos,Computing,Desk,6,1697,0.1,9163.8,6149.48,3014.32,Wholesale
SO000281,2025-08-16,Patricia Wilson,Port Harcourt,Office,Desk,7,1120,0.05,7448.0,5997.36,1450.64,Retail
SO000282,2025-01-21,Fatima Johnson,New York,Computing,Power Bank,3,1605,0,4815,3883.2,931.8,Online
SO000283,2022-03-03,Thomas Jones,Accra,Electronics,Tablet,1,1618,0.1,1456.2,959.75,496.45,Online
SO000284,2025-08-23,Susan Anderson,Ibadan,Accessories,USB Hub,1,1207,0,1207,824.77,382.23,Online
SO000285,2023-09-09,Emeka Johnson,Enugu,Computing,Office Chair,4,1729,0.15,5878.6,4098.88,1779.72,Online
SO000286,2023-03-07,Susan Williams,Toronto,Mobile,USB Hub,2,1165,0.2,1864.0,1310.58,553.42,Retail
SO000287,2022-10-20,Yusuf Eze,Enugu,Office,USB Hub,3,696,0,2088,1344.22,743.78,Online
SO000288,2022-02-23,Elizabeth Smith,Enugu,Accessories,Keyboard,2,1084,0.05,2059.6,1432.44,627.16,Online
SO000289,2023-08-21,Barbara Ibrahim,New York,Computing,USB Hub,4,1096,0.15,3726.4,2613.11,1113.29,Wholesale
SO000290,2025-12-21,Daniel Bello,Nairobi,Accessories,Laptop,1,1233,0.2,986.4,577.4,409.0,Retail
SO000291,2022-11-18,Jessica Brown,Enugu,Accessories,Desk,1,1410,0,1410,1151.33,258.67,Online
SO000292,2023-02-09,Elizabeth Musa,Dubai,Mobile,Keyboard,7,619,0,4333,2739.61,1593.39,Online
SO000293,2023-03-27,Sarah Adeyemi,Nairobi,Electronics,Tablet,7,752,0,5264,4166.77,1097.23,Online
SO000294,2023-12-16,Yusuf Adebayo,Nairobi,Office,External SSD,1,108,0.15,91.8,68.91,22.89,Wholesale
SO000295,2022-02-07,Yusuf Adeyemi,Johannesburg,Office,Power Bank,3,1144,0,3432,2615.38,816.62,Wholesale
SO000296,2023-05-01,Yusuf Brown,Enugu,Computing,Tablet,8,91,0.05,691.6,555.86,135.74,Retail
SO000297,2023-06-04,Linda Okafor,Benin City,Computing,Tablet,7,985,0.05,6550.25,5290.14,1260.11,Retail
SO000298,2023-12-26,Susan Adeyemi,Kano,Office,Tablet,4,1512,0.1,5443.2,4072.41,1370.79,Retail
SO000299,2023-09-09,Ngozi Mensah,Cape Town,Electronics,Monitor,1,627,0.05,595.65,441.5,154.15,Online
SO000300,2022-10-10,Linda Wilson,Toronto,Office,Printer,1,572,0.05,543.4,427.1,116.3,Online
SO000301,2022-05-01,Ada Adeyemi,Nairobi,Electronics,Office Chair,1,1294,0,1294,967.17,326.83,Wholesale
SO000302,2024-11-13,Tunde Brown,Enugu,Electronics,Mouse,5,1776,0.2,7104.0,4511.01,2592.99,Wholesale
SO000303,2023-01-17,Joseph Ogunleye,Kano,Accessories,Keyboard,4,467,0.2,1494.4,948.16,546.24,Online
SO000304,2023-10-15,John Johnson,Cape Town,Computing,Smartphone,7,1202,0.2,6731.2,3937.95,2793.25,Wholesale
SO000305,2025-07-19,John Ogunleye,Johannesburg,Accessories,Office Chair,6,406,0.2,1948.8,1415.58,533.22,Wholesale
SO000306,2023-07-19,Ada Adebayo,London,Computing,Monitor,7,218,0.05,1449.7,1002.13,447.57,Wholesale
SO000307,2025-09-26,Susan Adebayo,Port Harcourt,Accessories,USB Hub,2,26,0.2,41.6,24.02,17.58,Online
SO000308,2025-07-05,Aisha Mensah,Toronto,Accessories,Mouse,7,808,0.2,4524.8,3224.58,1300.22,Online
SO000309,2023-04-25,Sarah Jones,New York,Electronics,Monitor,6,1590,0,9540,5710.31,3829.69,Wholesale
SO000310,2024-05-21,Sarah Williams,Port Harcourt,Computing,Laptop,1,181,0.1,162.9,129.47,33.43,Wholesale
SO000311,2024-07-30,Ada Ibrahim,Cape Town,Electronics,USB Hub,4,1235,0,4940,2781.27,2158.73,Online
SO000312,2025-07-28,Jennifer Mensah,Port Harcourt,Office,Headphones,4,1680,0,6720,5116.79,1603.21,Online
SO000313,2022-01-27,Joseph Brown,Benin City,Electronics,External SSD,4,968,0,3872,2951.87,920.13,Wholesale
SO000314,2024-02-04,Chinedu Wilson,Benin City,Office,Router,2,1782,0.2,2851.2,2102.36,748.84,Retail
SO000315,2023-12-09,Michael Davis,Kano,Mobile,Desk,6,1117,0.1,6031.8,3813.97,2217.83,Wholesale
SO000316,2022-03-16,Elizabeth Brown,New York,Mobile,Laptop,5,566,0.15,2405.5,1627.53,777.97,Retail
SO000317,2022-07-31,Aisha Adebayo,Toronto,Mobile,Keyboard,8,482,0.1,3470.4,2005.03,1465.37,Online
SO000318,2022-06-05,Jennifer Okoye,Toronto,Computing,Smartphone,8,1216,0.05,9241.6,7252.87,1988.73,Retail
SO000319,2023-02-25,John Johnson,Port Harcourt,Computing,Router,5,1109,0,5545,4306.82,1238.18,Retail
SO000320,2025-09-01,Charles Musa,Benin City,Accessories,Office Chair,3,597,0.2,1432.8,1079.99,352.81,Retail
SO000321,2023-07-10,David Johnson,London,Office,Smartphone,5,1586,0.1,7137.0,5582.43,1554.57,Wholesale
SO000322,2025-06-11,Joseph Ogunleye,Benin City,Accessories,Keyboard,3,126,0,378,230.76,147.24,Online
SO000323,2025-12-17,Daniel Davis,Port Harcourt,Electronics,Office Chair,6,886,0,5316,3671.82,1644.18,Wholesale
SO000324,2025-11-03,Blessing Adeyemi,Lagos,Mobile,Keyboard,8,1718,0.2,10995.2,7405.22,3589.98,Retail
SO000325,2023-05-10,Charles Anderson,Benin City,Accessories,Office Chair,8,1567,0,12536,8577.87,3958.13,Retail
SO000326,2024-03-06,Tunde Ibrahim,Johannesburg,Accessories,Headphones,6,449,0,2694,1796.85,897.15,Wholesale
SO000327,2022-01-08,Sarah Johnson,Benin City,Computing,Laptop,2,1407,0,2814,1773.91,1040.09,Online
SO000328,2025-12-22,Ada Johnson,New York,Accessories,Tablet,1,1455,0,1455,848.91,606.09,Retail
SO000329,2022-05-12,Robert Williams,Abuja,Office,Power Bank,5,460,0.2,1840.0,1166.4,673.6,Online
SO000330,2023-03-24,David Bello,Cape Town,Computing,Router,1,950,0.1,855.0,565.81,289.19,Wholesale
SO000331,2022-08-10,Aisha Ogunleye,Enugu,Electronics,Mouse,2,1719,0.05,3266.1,2357.71,908.39,Retail
SO000332,2025-04-22,Aisha Wilson,Benin City,Computing,Keyboard,4,1174,0.15,3991.6,2998.99,992.61,Online
SO000333,2023-03-16,William Miller,Kano,Accessories,Monitor,6,1001,0,6006,4840.78,1165.22,Wholesale
SO000334,2023-06-22,Jessica Eze,Accra,Mobile,Power Bank,5,1459,0.2,5836.0,4236.29,1599.71,Retail
SO000335,2023-12-03,Ada Miller,Nairobi,Electronics,Router,2,1103,0.2,1764.8,1084.38,680.42,Retail
SO000336,2025-06-25,Robert Anderson,Dubai,Computing,Webcam,3,1085,0.1,2929.5,2069.33,860.17,Retail
SO000337,2023-11-30,Patricia Davis,Enugu,Electronics,Office Chair,3,538,0.15,1371.9,774.81,597.09,Wholesale
SO000338,2022-08-23,Chinedu Jones,Cape Town,Office,Office Chair,7,1679,0,11753,9354.04,2398.96,Wholesale
SO000339,2022-10-14,Robert Adebayo,Lagos,Accessories,Laptop,7,725,0.2,4060.0,3270.36,789.64,Wholesale
SO000340,2024-12-19,Mary Smith,London,Mobile,Office Chair,2,1744,0,3488,2241.01,1246.99,Online
SO000341,2022-07-21,John Anderson,London,Mobile,Office Chair,4,1346,0.2,4307.2,3291.2,1016.0,Wholesale
SO000342,2024-04-18,Mary Johnson,London,Office,Power Bank,8,1434,0.2,9177.6,6439.09,2738.51,Online
SO000343,2024-11-02,Yusuf Adebayo,Toronto,Mobile,External SSD,8,1582,0.2,10124.8,6681.25,3443.55,Wholesale
SO000344,2022-04-04,Mary Davis,London,Electronics,Printer,5,576,0,2880,2208.26,671.74,Retail
SO000345,2023-08-16,Patricia Wilson,New York,Electronics,Laptop,1,146,0,146,99.32,46.68,Retail
SO000346,2024-08-22,Jennifer Johnson,Kano,Mobile,Power Bank,7,999,0.2,5594.4,3427.38,2167.02,Online
SO000347,2023-06-10,Patricia Okafor,Kano,Mobile,Tablet,4,178,0.05,676.4,477.39,199.01,Online
SO000348,2022-10-29,Ada Mensah,Lagos,Accessories,Power Bank,8,243,0.15,1652.4,960.36,692.04,Wholesale
SO000349,2024-07-06,Joseph Davis,Lagos,Mobile,External SSD,7,1580,0.1,9954.0,5797.75,4156.25,Online
SO000350,2023-07-07,Elizabeth Musa,Dubai,Office,Smartphone,2,1205,0,2410,1742.34,667.66,Retail
SO000351,2022-04-27,Jessica Bello,Port Harcourt,Computing,Desk,8,298,0.15,2026.4,1433.17,593.23,Online
SO000352,2023-11-30,Joseph Davis,Kano,Accessories,External SSD,3,497,0,1491,965.37,525.63,Online
SO000353,2023-05-06,Susan Miller,Enugu,Office,Tablet,4,1329,0.15,4518.6,3701.76,816.84,Online
SO000354,2023-09-28,Emeka Okoye,Port Harcourt,Mobile,Desk,7,253,0.1,1593.9,1188.63,405.27,Retail
SO000355,2025-01-16,Patricia Adebayo,Benin City,Computing,Mouse,5,56,0.15,238.0,159.36,78.64,Retail
SO000356,2025-01-01,Blessing Johnson,Port Harcourt,Mobile,Monitor,7,451,0,3157,2461.41,695.59,Wholesale
SO000357,2022-08-26,Tunde Ogunleye,Johannesburg,Accessories,Headphones,6,90,0,540,349.55,190.45,Retail
SO000358,2025-05-05,Michael Bello,Johannesburg,Mobile,Desk,1,1627,0.05,1545.65,960.01,585.64,Retail
SO000359,2025-04-15,Charles Mensah,Kano,Accessories,Mouse,3,1620,0.1,4374.0,3205.2,1168.8,Retail
SO000360,2023-12-26,Charles Ogunleye,Port Harcourt,Electronics,Tablet,4,1432,0,5728,4595.57,1132.43,Retail
SO000361,2022-03-11,Jennifer Thomas,Abuja,Office,Router,3,1504,0,4512,2537.36,1974.64,Online
SO000362,2022-06-15,Karen Williams,Abuja,Computing,Power Bank,4,1047,0.1,3769.2,2410.14,1359.06,Retail
SO000363,2024-09-03,Robert Adeyemi,Kano,Computing,Tablet,3,1704,0.15,4345.2,2608.12,1737.08,Wholesale
SO000364,2025-11-26,Barbara Ibrahim,London,Mobile,External SSD,3,1148,0,3444,2572.06,871.94,Retail
SO000365,2024-11-28,Joseph Okafor,London,Accessories,Router,2,735,0.2,1176.0,948.24,227.76,Online
SO000366,2022-01-15,Ngozi Johnson,New York,Computing,Keyboard,8,959,0,7672,5384.5,2287.5,Retail
SO000367,2022-08-30,Chinedu Ogunleye,Benin City,Mobile,Headphones,3,1693,0,5079,3326.87,1752.13,Wholesale
SO000368,2023-08-20,Chinedu Thomas,Ibadan,Office,Desk,4,38,0,152,111.11,40.89,Online
SO000369,2025-11-22,Ibrahim Wilson,Toronto,Office,Smartphone,4,1658,0.1,5968.8,3884.56,2084.24,Online
SO000370,2025-08-14,John Smith,Port Harcourt,Office,Mouse,7,114,0,798,498.14,299.86,Online
SO000371,2022-12-30,Yusuf Mensah,Port Harcourt,Mobile,USB Hub,2,136,0.2,217.6,127.5,90.1,Wholesale
SO000372,2024-06-01,Elizabeth Anderson,Nairobi,Mobile,Power Bank,3,1188,0.2,2851.2,1586.38,1264.82,Wholesale
SO000373,2025-10-21,Tunde Eze,Port Harcourt,Office,Smartphone,8,1635,0.05,12426.0,8746.23,3679.77,Online
SO000374,2025-04-30,Charles Davis,Nairobi,Electronics,USB Hub,7,717,0.15,4266.15,2372.07,1894.08,Wholesale
SO000375,2024-03-29,John Thomas,Toronto,Office,Mouse,7,969,0.1,6104.7,4216.84,1887.86,Retail
SO000376,2025-03-06,Patricia Okafor,Accra,Electronics,Power Bank,2,1271,0.2,2033.6,1607.84,425.76,Online
SO000377,2025-01-22,Michael Mensah,Cape Town,Mobile,Power Bank,6,1755,0.1,9477.0,7252.9,2224.1,Online
SO000378,2023-03-15,James Wilson,Accra,Office,Power Bank,6,1736,0.05,9895.2,8101.28,1793.92,Wholesale
SO000379,2023-08-12,Ibrahim Adebayo,Enugu,Office,Printer,5,1490,0.15,6332.5,4578.31,1754.19,Online
SO000380,2023-05-27,John Anderson,Cape Town,Computing,Office Chair,8,701,0.1,5047.2,4028.59,1018.61,Wholesale
SO000381,2022-10-29,Jessica Musa,Abuja,Electronics,Headphones,6,597,0,3582,2050.69,1531.31,Online
SO000382,2022-09-05,Jennifer Ibrahim,Kano,Mobile,Webcam,4,1471,0.05,5589.8,4034.67,1555.13,Online
SO000383,2023-06-23,Chinedu Brown,Abuja,Accessories,Webcam,5,830,0,4150,2627.99,1522.01,Wholesale
SO000384,2023-04-12,Charles Ibrahim,Dubai,Mobile,Printer,5,1075,0.05,5106.25,2848.91,2257.34,Retail
SO000385,2023-07-30,Aisha Eze,Benin City,Mobile,Keyboard,4,394,0,1576,1146.26,429.74,Wholesale
SO000386,2024-01-18,Aisha Anderson,Ibadan,Electronics,Keyboard,5,489,0.05,2322.75,1607.01,715.74,Online
SO000387,2023-06-24,Patricia Smith,London,Accessories,Keyboard,6,735,0,4410,2873.09,1536.91,Wholesale
SO000388,2022-08-09,James Mensah,Toronto,Computing,Power Bank,5,631,0.15,2681.75,2083.12,598.63,Online
SO000389,2025-06-11,Jennifer Okafor,New York,Accessories,Smartphone,6,456,0.2,2188.8,1434.62,754.18,Wholesale
SO000390,2025-10-26,Robert Johnson,Accra,Mobile,Smartphone,4,1364,0,5456,3739.44,1716.56,Retail
SO000391,2025-05-07,Joseph Musa,Kano,Computing,Webcam,8,455,0,3640,2105.56,1534.44,Wholesale
SO000392,2022-03-07,Jennifer Bello,Kano,Computing,Headphones,8,50,0.15,340.0,268.06,71.94,Online
SO000393,2023-07-15,Ada Wilson,Cape Town,Office,Router,4,494,0.1,1778.4,1318.71,459.69,Online
SO000394,2024-11-27,Yusuf Davis,Johannesburg,Electronics,Printer,8,1207,0,9656,7697.28,1958.72,Online
SO000395,2023-11-18,William Eze,Johannesburg,Accessories,Router,3,325,0,975,680.32,294.68,Wholesale
SO000396,2022-08-06,Linda Davis,Benin City,Electronics,USB Hub,4,828,0.2,2649.6,1885.13,764.47,Online
SO000397,2025-03-23,Jennifer Davis,Lagos,Office,Power Bank,1,1173,0.15,997.05,601.58,395.47,Retail
SO000398,2024-12-14,Yusuf Davis,New York,Office,Router,1,136,0,136,107.73,28.27,Wholesale
SO000399,2024-09-01,Barbara Williams,Accra,Electronics,Desk,5,861,0.1,3874.5,2571.06,1303.44,Online
SO000400,2025-12-02,Daniel Ogunleye,Enugu,Computing,Tablet,5,133,0.1,598.5,361.87,236.63,Online
SO000401,2023-09-14,Barbara Bello,Benin City,Office,Desk,7,1661,0,11627,9495.23,2131.77,Retail
SO000402,2023-02-02,Ibrahim Okafor,Cape Town,Accessories,Smartphone,4,1013,0.2,3241.6,2240.4,1001.2,Retail
SO000403,2024-12-29,Susan Ibrahim,Toronto,Accessories,Smartphone,5,943,0.15,4007.75,3033.51,974.24,Online
SO000404,2023-08-29,Blessing Okafor,New York,Accessories,External SSD,6,1304,0,7824,6387.41,1436.59,Retail
SO000405,2023-07-28,Chinedu Miller,Lagos,Office,USB Hub,6,1472,0,8832,5876.93,2955.07,Retail
SO000406,2022-12-16,William Thomas,Abuja,Mobile,Webcam,5,1210,0,6050,4577.09,1472.91,Online
SO000407,2024-12-17,Sarah Okafor,London,Office,External SSD,6,665,0.15,3391.5,2601.13,790.37,Online
SO000408,2024-08-08,Thomas Jones,Johannesburg,Office,USB Hub,2,228,0.15,387.6,286.37,101.23,Retail
SO000409,2022-06-22,David Wilson,New York,Electronics,Webcam,5,1117,0,5585,4529.67,1055.33,Wholesale
SO000410,2025-11-16,Barbara Wilson,Toronto,Electronics,Monitor,5,879,0.1,3955.5,2227.33,1728.17,Retail
SO000411,2025-10-26,Yusuf Bello,Johannesburg,Office,Tablet,4,1248,0,4992,3929.46,1062.54,Wholesale
SO000412,2023-11-08,Aisha Ibrahim,Accra,Mobile,Power Bank,7,1574,0.05,10467.1,6477.21,3989.89,Wholesale
SO000413,2023-12-04,Emeka Okoye,Dubai,Office,Laptop,6,1528,0.1,8251.2,5887.47,2363.73,Retail
SO000414,2024-06-18,Thomas Johnson,Cape Town,Computing,Webcam,7,586,0.2,3281.6,2448.71,832.89,Online
SO000415,2024-11-13,Ngozi Adebayo,Johannesburg,Accessories,Webcam,6,779,0,4674,3092.91,1581.09,Wholesale
SO000416,2022-11-16,Sarah Thomas,New York,Office,Keyboard,4,1494,0.05,5677.2,3868.18,1809.02,Wholesale
SO000417,2022-01-31,Jessica Adebayo,Nairobi,Office,Mouse,7,913,0,6391,5209.43,1181.57,Wholesale
SO000418,2023-07-18,David Mensah,London,Accessories,USB Hub,4,1339,0,5356,3108.36,2247.64,Wholesale
SO000419,2023-09-03,Emeka Davis,Accra,Mobile,Desk,3,1191,0.2,2858.4,1707.58,1150.82,Retail
SO000420,2023-10-10,Aisha Johnson,Dubai,Electronics,Desk,1,420,0.15,357.0,265.47,91.53,Wholesale
SO000421,2024-05-13,Ibrahim Williams,New York,Mobile,Headphones,2,1368,0.15,2325.6,1667.49,658.11,Wholesale
SO000422,2022-08-16,David Adebayo,New York,Mobile,Power Bank,2,1012,0,2024,1391.17,632.83,Retail
SO000423,2025-06-06,Ngozi Okafor,Benin City,Computing,Monitor,3,198,0.15,504.9,286.23,218.67,Online
SO000424,2025-06-13,William Anderson,Cape Town,Accessories,Keyboard,8,1540,0.05,11704.0,7707.86,3996.14,Retail
SO000425,2023-11-18,Aisha Miller,London,Electronics,Tablet,4,595,0.15,2023.0,1507.9,515.1,Wholesale
SO000426,2025-10-06,Emeka Wilson,Ibadan,Mobile,Smartphone,3,1744,0.15,4447.2,3021.67,1425.53,Online
SO000427,2025-09-10,Robert Anderson,Johannesburg,Mobile,Smartphone,2,878,0.05,1668.2,963.08,705.12,Online
SO000428,2022-01-25,Michael Brown,Cape Town,Computing,Tablet,1,1071,0.1,963.9,757.14,206.76,Wholesale
SO000429,2022-02-12,Daniel Musa,Benin City,Electronics,Office Chair,7,1603,0.05,10659.95,6244.5,4415.45,Online
SO000430,2023-11-22,Jessica Ogunleye,London,Computing,Printer,8,662,0.2,4236.8,2610.23,1626.57,Online
SO000431,2023-05-23,Elizabeth Davis,Toronto,Computing,Mouse,4,1277,0.1,4597.2,3584.31,1012.89,Online
SO000432,2022-09-29,Daniel Miller,Nairobi,Office,Power Bank,6,786,0.2,3772.8,2521.0,1251.8,Wholesale
SO000433,2024-11-28,Susan Okoye,Dubai,Computing,USB Hub,3,1214,0.2,2913.6,1788.58,1125.02,Wholesale
SO000434,2025-04-13,Susan Davis,Johannesburg,Mobile,Keyboard,7,1725,0.15,10263.75,7748.72,2515.03,Wholesale
SO000435,2024-06-25,Emeka Wilson,Cape Town,Electronics,Headphones,8,1570,0.15,10676.0,6328.37,4347.63,Retail
SO000436,2022-08-26,Emeka Williams,Nairobi,Accessories,Smartphone,4,1327,0.05,5042.6,3845.65,1196.95,Online
SO000437,2023-11-28,Ngozi Bello,Accra,Electronics,USB Hub,5,986,0.15,4190.5,2782.1,1408.4,Online
SO000438,2025-11-17,Elizabeth Davis,Abuja,Accessories,Router,8,432,0.05,3283.2,1965.21,1317.99,Retail
SO000439,2023-03-01,Ibrahim Anderson,Cape Town,Accessories,Desk,8,513,0.05,3898.8,2971.54,927.26,Wholesale
SO000440,2025-12-22,Ada Musa,London,Office,Office Chair,6,1480,0,8880,5086.04,3793.96,Wholesale
SO000441,2022-09-11,Yusuf Smith,Cape Town,Mobile,Router,1,1653,0.1,1487.7,937.98,549.72,Online
SO000442,2025-04-08,Michael Mensah,Accra,Accessories,Headphones,3,526,0.2,1262.4,918.1,344.3,Wholesale
SO000443,2024-05-23,Daniel Johnson,Kano,Mobile,Mouse,7,1086,0,7602,4828.34,2773.66,Wholesale
SO000444,2025-09-20,Daniel Smith,Port Harcourt,Electronics,Laptop,1,1347,0.15,1144.95,737.56,407.39,Wholesale
SO000445,2024-06-14,Robert Adeyemi,New York,Computing,Office Chair,6,881,0,5286,3136.52,2149.48,Wholesale
SO000446,2022-06-13,Susan Eze,New York,Office,Office Chair,1,865,0,865,496.82,368.18,Retail
SO000447,2025-06-14,Yusuf Ibrahim,Kano,Electronics,Laptop,7,755,0,5285,3609.57,1675.43,Retail
SO000448,2024-10-23,Jessica Mensah,Dubai,Electronics,Webcam,5,595,0,2975,2319.31,655.69,Wholesale
SO000449,2022-02-01,Chinedu Brown,Benin City,Accessories,Desk,1,622,0.15,528.7,354.4,174.3,Wholesale
SO000450,2025-09-19,John Jones,Cape Town,Electronics,Printer,3,1530,0.15,3901.5,2389.49,1512.01,Wholesale
SO000451,2023-05-25,David Musa,Toronto,Office,Smartphone,3,1505,0,4515,2648.44,1866.56,Wholesale
SO000452,2023-07-10,Charles Mensah,Cape Town,Computing,Laptop,6,1626,0,9756,5857.08,3898.92,Retail
SO000453,2024-09-29,Tunde Adeyemi,Enugu,Office,Webcam,7,986,0.05,6556.9,4149.77,2407.13,Wholesale
SO000454,2022-01-07,Linda Musa,Port Harcourt,Accessories,USB Hub,1,646,0.05,613.7,419.85,193.85,Retail
SO000455,2022-06-22,Thomas Mensah,Accra,Accessories,USB Hub,5,376,0.05,1786.0,1053.94,732.06,Wholesale
SO000456,2025-02-03,John Brown,Johannesburg,Computing,Webcam,1,393,0,393,222.34,170.66,Wholesale
SO000457,2022-07-14,Yusuf Mensah,Accra,Accessories,Laptop,3,454,0.1,1225.8,742.01,483.79,Online
SO000458,2022-10-21,Michael Davis,Enugu,Office,Monitor,6,407,0,2442,1755.75,686.25,Retail
SO000459,2025-11-09,Ngozi Eze,Enugu,Mobile,Laptop,4,1445,0,5780,3518.85,2261.15,Retail
SO000460,2023-07-31,Aisha Adeyemi,Nairobi,Accessories,Tablet,8,778,0.05,5912.8,4009.36,1903.44,Wholesale
SO000461,2024-01-09,Sarah Wilson,Abuja,Office,USB Hub,2,453,0,906,701.91,204.09,Online
SO000462,2025-12-15,Susan Smith,Benin City,Electronics,External SSD,4,1454,0.2,4652.8,3235.77,1417.03,Wholesale
SO000463,2024-03-24,Charles Johnson,Dubai,Office,Desk,3,1720,0.15,4386.0,2954.53,1431.47,Wholesale
SO000464,2024-07-17,Tunde Okoye,Ibadan,Computing,Router,1,551,0.05,523.45,314.1,209.35,Online
SO000465,2024-04-15,Tunde Okoye,Toronto,Computing,Headphones,2,1291,0.05,2452.9,1798.7,654.2,Retail
SO000466,2023-12-13,Michael Johnson,Accra,Electronics,Printer,4,273,0.05,1037.4,813.52,223.88,Online
SO000467,2022-04-14,Joseph Eze,Nairobi,Accessories,Mouse,5,1018,0,5090,3019.33,2070.67,Online
SO000468,2025-03-15,David Eze,Toronto,Mobile,Monitor,6,275,0,1650,1294.34,355.66,Retail
SO000469,2023-11-06,Jennifer Miller,Enugu,Office,Smartphone,1,90,0.05,85.5,63.6,21.9,Online
SO000470,2023-11-18,Mary Jones,Cape Town,Accessories,Mouse,7,494,0,3458,2748.13,709.87,Retail
SO000471,2023-10-25,Mary Ibrahim,Enugu,Office,Laptop,3,1721,0.15,4388.55,2469.29,1919.26,Wholesale
SO000472,2025-10-20,Thomas Brown,Cape Town,Office,Webcam,2,494,0.2,790.4,576.6,213.8,Online
SO000473,2024-08-31,Patricia Miller,Port Harcourt,Computing,Keyboard,8,842,0.15,5725.6,4308.01,1417.59,Retail
SO000474,2023-11-06,Elizabeth Jones,Johannesburg,Electronics,External SSD,5,402,0.2,1608.0,1307.9,300.1,Wholesale
SO000475,2022-02-28,Tunde Bello,Dubai,Accessories,Webcam,2,822,0.1,1479.6,908.28,571.32,Wholesale
SO000476,2022-12-04,Barbara Mensah,Johannesburg,Office,Router,5,1580,0.15,6715.0,4831.44,1883.56,Retail
SO000477,2022-12-28,Jessica Thomas,Toronto,Electronics,External SSD,4,208,0,832,548.39,283.61,Online
SO000478,2024-11-07,Joseph Musa,New York,Office,Office Chair,2,1548,0.1,2786.4,1543.03,1243.37,Retail
SO000479,2024-01-17,Karen Miller,Toronto,Accessories,Tablet,4,184,0,736,591.4,144.6,Retail
SO000480,2024-06-05,John Adebayo,Lagos,Accessories,Keyboard,8,738,0.05,5608.8,4135.78,1473.02,Wholesale
SO000481,2025-04-28,Linda Miller,Kano,Office,Keyboard,4,1320,0.05,5016.0,3279.76,1736.24,Wholesale
SO000482,2022-11-04,Emeka Johnson,Dubai,Office,Tablet,3,110,0,330,233.35,96.65,Wholesale
SO000483,2025-09-20,Tunde Wilson,Ibadan,Mobile,Monitor,1,1566,0.2,1252.8,874.44,378.36,Retail
SO000484,2025-02-15,Karen Jones,Cape Town,Computing,External SSD,8,1774,0.1,12772.8,9820.32,2952.48,Wholesale
SO000485,2024-08-27,Blessing Okafor,Nairobi,Electronics,External SSD,2,955,0.15,1623.5,1141.88,481.62,Retail
SO000486,2023-10-20,Aisha Mensah,London,Accessories,Monitor,5,1617,0.05,7680.75,5980.98,1699.77,Online
SO000487,2025-04-22,Patricia Ogunleye,Accra,Office,Power Bank,1,656,0.05,623.2,369.62,253.58,Online
SO000488,2025-12-04,David Adeyemi,Lagos,Office,Tablet,8,1080,0.2,6912.0,5035.08,1876.92,Online
SO000489,2024-09-02,Ada Bello,Ibadan,Electronics,Smartphone,3,1131,0.05,3223.35,2408.2,815.15,Online
SO000490,2024-11-28,Aisha Ogunleye,Abuja,Computing,Keyboard,1,256,0.2,204.8,158.12,46.68,Retail
SO000491,2022-11-25,Jennifer Ogunleye,Port Harcourt,Electronics,Office Chair,5,835,0.2,3340.0,2501.21,838.79,Online
SO000492,2022-11-24,Thomas Mensah,Accra,Electronics,Printer,5,1171,0.2,4684.0,3826.32,857.68,Wholesale
SO000493,2023-09-29,Yusuf Williams,Benin City,Computing,External SSD,7,918,0,6426,3963.04,2462.96,Wholesale
SO000494,2025-03-28,William Eze,Enugu,Computing,Smartphone,4,806,0.15,2740.4,1844.82,895.58,Retail
SO000495,2022-06-14,Ibrahim Anderson,Ibadan,Office,Desk,4,897,0.1,3229.2,2597.43,631.77,Online
SO000496,2025-06-25,Joseph Bello,Accra,Accessories,Tablet,7,1475,0.15,8776.25,4999.65,3776.6,Online
SO000497,2023-01-09,Emeka Bello,Ibadan,Computing,Keyboard,5,1667,0.05,7918.25,5551.04,2367.21,Online
SO000498,2025-02-18,Michael Ibrahim,Kano,Office,Laptop,3,226,0,678,474.99,203.01,Online
SO000499,2025-11-10,Robert Brown,New York,Computing,Headphones,8,1517,0.1,10922.4,7697.48,3224.92,Online
SO000500,2022-10-20,Jessica Smith,Ibadan,Accessories,USB Hub,1,163,0,163,100.67,62.33,Retail
SO000501,2022-04-02,Sarah Anderson,Kano,Mobile,Mouse,3,1564,0.15,3988.2,2707.76,1280.44,Retail
SO000502,2022-12-10,Barbara Smith,Lagos,Electronics,Desk,7,379,0.05,2520.35,1870.72,649.63,Retail
SO000503,2022-08-01,Barbara Jones,Dubai,Office,Office Chair,7,144,0,1008,636.97,371.03,Wholesale
SO000504,2022-11-13,Yusuf Wilson,Lagos,Computing,Tablet,5,157,0.15,667.25,381.09,286.16,Online
SO000505,2023-04-09,Jennifer Johnson,Toronto,Electronics,Desk,6,1608,0.1,8683.2,5632.83,3050.37,Online
SO000506,2024-08-31,Susan Miller,Lagos,Computing,Printer,5,457,0,2285,1721.82,563.18,Online
SO000507,2022-09-22,Jennifer Bello,Port Harcourt,Mobile,USB Hub,8,603,0,4824,3896.27,927.73,Wholesale
SO000508,2022-10-26,Robert Adeyemi,Port Harcourt,Electronics,USB Hub,5,1762,0.1,7929.0,5735.69,2193.31,Online
SO000509,2022-09-12,Charles Anderson,Dubai,Electronics,Monitor,5,151,0.05,717.25,559.39,157.86,Online
SO000510,2022-09-16,Sarah Okoye,Toronto,Office,Router,4,106,0,424,243.87,180.13,Online
SO000511,2022-06-21,David Adebayo,Ibadan,Computing,Laptop,1,410,0.05,389.5,242.05,147.45,Online
SO000512,2024-02-07,Chinedu Musa,Lagos,Mobile,Keyboard,3,1119,0,3357,2609.12,747.88,Online
SO000513,2025-07-24,Ngozi Thomas,Johannesburg,Computing,External SSD,1,999,0.1,899.1,510.38,388.72,Online
SO000514,2022-08-23,Joseph Johnson,Toronto,Office,Headphones,2,1433,0,2866,2040.26,825.74,Wholesale
SO000515,2024-01-07,David Adeyemi,Toronto,Mobile,Webcam,4,583,0.2,1865.6,1342.67,522.93,Online
SO000516,2024-07-23,Michael Williams,Kano,Accessories,Office Chair,1,578,0,578,375.44,202.56,Wholesale
SO000517,2023-06-03,Emeka Brown,Abuja,Mobile,USB Hub,2,568,0.15,965.6,539.31,426.29,Retail
SO000518,2025-11-27,James Wilson,Johannesburg,Office,Tablet,6,1741,0,10446,6236.77,4209.23,Wholesale
SO000519,2023-01-24,Ibrahim Eze,Abuja,Office,Power Bank,3,356,0,1068,588.18,479.82,Wholesale
SO000520,2022-12-22,Blessing Okafor,Toronto,Office,USB Hub,3,1677,0.15,4276.35,2883.57,1392.78,Retail
SO000521,2025-07-26,Susan Adeyemi,Dubai,Mobile,Headphones,8,478,0.2,3059.2,2243.21,815.99,Online
SO000522,2025-10-13,James Davis,London,Electronics,Power Bank,7,815,0.05,5419.75,3068.16,2351.59,Online
SO000523,2022-08-25,Ibrahim Okafor,Johannesburg,Mobile,External SSD,6,729,0,4374,2653.83,1720.17,Online
SO000524,2025-08-16,Daniel Smith,Johannesburg,Electronics,Laptop,1,1558,0.2,1246.4,729.18,517.22,Online
SO000525,2022-05-25,Daniel Jones,Abuja,Mobile,Headphones,8,931,0,7448,4598.45,2849.55,Retail
SO000526,2022-07-17,Barbara Williams,Benin City,Electronics,Smartphone,2,1280,0,2560,1771.72,788.28,Wholesale
SO000527,2024-11-29,Jennifer Jones,Port Harcourt,Accessories,Mouse,4,443,0,1772,1152.31,619.69,Retail
SO000528,2024-03-09,John Jones,Benin City,Mobile,Router,6,1773,0.05,10106.1,7098.25,3007.85,Wholesale
SO000529,2024-02-21,Robert Mensah,Ibadan,Mobile,Laptop,1,895,0,895,520.64,374.36,Retail
SO000530,2022-12-17,Mary Wilson,Johannesburg,Mobile,Office Chair,4,68,0.2,217.6,173.97,43.63,Retail
SO000531,2025-12-17,Aisha Eze,Kano,Accessories,Laptop,2,959,0.05,1822.1,1226.32,595.78,Online
SO000532,2025-04-15,Chinedu Ogunleye,Abuja,Office,Router,8,564,0,4512,2708.46,1803.54,Retail
SO000533,2023-12-01,Fatima Thomas,Johannesburg,Electronics,Keyboard,1,803,0.1,722.7,443.44,279.26,Retail
SO000534,2024-06-21,Ngozi Adeyemi,London,Accessories,External SSD,7,1159,0.2,6490.4,4639.99,1850.41,Retail
SO000535,2023-12-01,Blessing Okoye,Cape Town,Computing,Router,5,1681,0.15,7144.25,5730.42,1413.83,Retail
SO000536,2025-11-02,Charles Brown,Kano,Computing,Power Bank,7,678,0,4746,2854.12,1891.88,Retail
SO000537,2022-05-23,Mary Musa,Dubai,Office,Office Chair,4,23,0.1,82.8,60.76,22.04,Online
SO000538,2022-06-27,David Adeyemi,Cape Town,Mobile,Laptop,4,1040,0,4160,2838.89,1321.11,Wholesale
SO000539,2024-10-21,James Ibrahim,Abuja,Electronics,Power Bank,1,1038,0,1038,645.23,392.77,Wholesale
SO000540,2022-10-28,Yusuf Wilson,Cape Town,Accessories,Router,1,356,0,356,250.85,105.15,Wholesale
SO000541,2025-02-28,Fatima Davis,Benin City,Mobile,Office Chair,5,1430,0.05,6792.5,5494.6,1297.9,Wholesale
SO000542,2024-08-16,Ngozi Ogunleye,Abuja,Accessories,Power Bank,1,474,0.1,426.6,267.52,159.08,Online
SO000543,2023-11-06,Mary Ibrahim,Dubai,Office,USB Hub,7,1731,0.2,9693.6,7654.19,2039.41,Retail
SO000544,2024-07-04,Barbara Mensah,Abuja,Electronics,USB Hub,4,379,0,1516,1194.42,321.58,Retail
SO000545,2024-05-24,Michael Johnson,Nairobi,Electronics,Office Chair,3,759,0,2277,1793.1,483.9,Online
SO000546,2022-07-30,Thomas Brown,Nairobi,Accessories,Tablet,5,40,0.05,190.0,109.67,80.33,Online
SO000547,2024-12-02,Jennifer Anderson,Abuja,Computing,Headphones,1,859,0.15,730.15,542.55,187.6,Online
SO000548,2024-10-13,Susan Okafor,New York,Computing,Power Bank,8,1229,0,9832,7066.41,2765.59,Retail
SO000549,2025-08-30,Barbara Ibrahim,London,Office,Monitor,8,63,0,504,412.27,91.73,Wholesale
SO000550,2024-03-22,William Smith,Johannesburg,Computing,USB Hub,5,465,0,2325,1325.03,999.97,Online
SO000551,2022-06-22,Sarah Adebayo,Benin City,Electronics,Mouse,4,427,0.2,1366.4,767.81,598.59,Online
SO000552,2025-10-24,James Eze,London,Electronics,Mouse,6,1764,0.2,8467.2,6142.97,2324.23,Retail
SO000553,2022-08-10,Elizabeth Jones,Lagos,Electronics,Router,8,379,0.2,2425.6,1661.88,763.72,Online
SO000554,2025-04-08,Chinedu Williams,Abuja,Office,USB Hub,7,803,0,5621,4037.47,1583.53,Wholesale
SO000555,2023-11-19,Joseph Okoye,Accra,Computing,Printer,5,141,0.2,564.0,431.41,132.59,Retail
SO000556,2025-04-07,Elizabeth Miller,Nairobi,Computing,USB Hub,1,171,0,171,115.1,55.9,Online
SO000557,2023-05-14,Joseph Mensah,Johannesburg,Mobile,Keyboard,5,81,0,405,302.15,102.85,Online
SO000558,2025-01-19,Mary Adebayo,Port Harcourt,Mobile,Printer,6,1075,0.2,5160.0,3641.68,1518.32,Online
SO000559,2023-05-01,Thomas Ibrahim,Benin City,Computing,Webcam,8,368,0.15,2502.4,1571.73,930.67,Retail
SO000560,2023-09-08,Mary Thomas,Nairobi,Computing,Laptop,1,1120,0.1,1008.0,643.84,364.16,Online
SO000561,2025-12-09,Yusuf Ibrahim,Johannesburg,Office,Desk,6,694,0.2,3331.2,1891.62,1439.58,Online
SO000562,2022-11-28,Elizabeth Anderson,Enugu,Electronics,Monitor,5,1500,0.2,6000.0,3673.86,2326.14,Retail
SO000563,2022-07-03,Ibrahim Ogunleye,Cape Town,Computing,Tablet,3,629,0.15,1603.95,1206.28,397.67,Wholesale
SO000564,2024-06-12,Daniel Musa,Dubai,Mobile,Desk,1,489,0,489,288.32,200.68,Wholesale
SO000565,2024-08-16,Ibrahim Musa,Enugu,Accessories,Tablet,3,1653,0.1,4463.1,2622.35,1840.75,Wholesale
SO000566,2022-10-15,Tunde Mensah,Toronto,Accessories,Monitor,8,1050,0.15,7140.0,4952.35,2187.65,Wholesale
SO000567,2023-02-07,Jessica Eze,London,Electronics,Office Chair,4,69,0.2,220.8,134.92,85.88,Retail
SO000568,2024-05-10,Sarah Okoye,Abuja,Mobile,Office Chair,8,1327,0,10616,7941.38,2674.62,Online
SO000569,2025-11-18,William Adeyemi,Kano,Computing,Monitor,8,252,0.2,1612.8,962.17,650.63,Online
SO000570,2025-07-28,Emeka Bello,Lagos,Accessories,Desk,5,1602,0,8010,6019.46,1990.54,Retail
SO000571,2024-09-08,Daniel Williams,Lagos,Mobile,Printer,2,1420,0.05,2698.0,1741.0,957.0,Wholesale
SO000572,2025-03-19,Mary Eze,Kano,Office,Desk,5,461,0.2,1844.0,1482.66,361.34,Retail
SO000573,2025-09-27,David Brown,Benin City,Office,Laptop,2,442,0.15,751.4,585.53,165.87,Online
SO000574,2022-04-08,Blessing Adeyemi,Lagos,Office,Keyboard,5,500,0,2500,1544.37,955.63,Online
SO000575,2024-01-07,Ibrahim Okoye,New York,Mobile,Smartphone,3,456,0,1368,838.56,529.44,Retail
SO000576,2025-12-29,Joseph Ogunleye,Johannesburg,Computing,Headphones,5,131,0,655,484.8,170.2,Retail
SO000577,2022-01-23,Patricia Brown,Toronto,Office,Keyboard,2,352,0,704,436.31,267.69,Wholesale
SO000578,2023-09-13,Linda Smith,Enugu,Electronics,Laptop,3,404,0.1,1090.8,626.18,464.62,Wholesale
SO000579,2024-05-17,Ngozi Adeyemi,London,Accessories,Webcam,3,236,0.05,672.6,477.74,194.86,Retail
SO000580,2024-07-08,Elizabeth Adeyemi,Abuja,Electronics,Headphones,5,1174,0.05,5576.5,4376.61,1199.89,Wholesale
SO000581,2025-04-05,Linda Johnson,New York,Electronics,Mouse,2,560,0.05,1064.0,840.73,223.27,Wholesale
SO000582,2022-10-01,Charles Smith,New York,Computing,Desk,5,1029,0,5145,3252.32,1892.68,Wholesale
SO000583,2024-06-25,Joseph Adeyemi,Toronto,Office,Printer,5,608,0.05,2888.0,2266.83,621.17,Wholesale
SO000584,2024-10-22,Fatima Jones,Dubai,Accessories,External SSD,5,828,0.2,3312.0,2436.59,875.41,Retail
SO000585,2022-09-14,Mary Ogunleye,Kano,Mobile,Headphones,2,987,0.15,1677.9,1053.5,624.4,Online
SO000586,2024-09-20,Daniel Williams,Lagos,Computing,Printer,3,1304,0.05,3716.4,2862.84,853.56,Online
SO000587,2022-08-07,Joseph Brown,Port Harcourt,Mobile,Headphones,1,1389,0.1,1250.1,726.74,523.36,Retail
SO000588,2024-02-15,Emeka Wilson,Enugu,Accessories,Webcam,7,1448,0.2,8108.8,4904.73,3204.07,Wholesale
SO000589,2023-08-28,Chinedu Thomas,New York,Computing,Power Bank,5,1716,0,8580,5103.44,3476.56,Retail
SO000590,2023-02-08,Joseph Jones,Port Harcourt,Accessories,Headphones,4,730,0,2920,1889.69,1030.31,Retail
SO000591,2025-01-03,James Jones,Lagos,Computing,Power Bank,8,777,0.1,5594.4,3961.48,1632.92,Online
SO000592,2022-03-06,William Adebayo,London,Office,External SSD,7,1761,0.15,10477.95,7405.13,3072.82,Retail
SO000593,2024-09-08,Karen Johnson,Toronto,Mobile,Mouse,2,221,0.1,397.8,257.18,140.62,Retail
SO000594,2023-11-08,Jennifer Smith,Toronto,Electronics,Printer,1,797,0,797,577.01,219.99,Online
SO000595,2022-06-18,Chinedu Adebayo,Cape Town,Computing,Router,7,1195,0,8365,6301.69,2063.31,Wholesale
SO000596,2023-01-28,Susan Okafor,Kano,Office,Monitor,8,1584,0.1,11404.8,8395.28,3009.52,Retail
SO000597,2024-07-05,Tunde Davis,Nairobi,Accessories,Smartphone,2,1676,0.2,2681.6,1783.09,898.51,Retail
SO000598,2024-06-28,Linda Anderson,Kano,Electronics,Keyboard,1,123,0.15,104.55,66.76,37.79,Online
SO000599,2022-10-09,Jessica Miller,Toronto,Mobile,Laptop,5,810,0.1,3645.0,2023.72,1621.28,Retail
SO000600,2023-01-13,Fatima Johnson,Dubai,Office,Monitor,5,604,0.15,2567.0,1536.99,1030.01,Wholesale
SO000601,2022-08-17,Linda Anderson,Cape Town,Computing,Headphones,8,695,0.2,4448.0,3619.79,828.21,Online
SO000602,2022-12-02,Jennifer Adeyemi,Enugu,Office,Tablet,8,1214,0.15,8255.2,6739.37,1515.83,Retail
SO000603,2022-05-25,Jessica Mensah,Johannesburg,Accessories,Printer,3,1736,0.05,4947.6,3189.98,1757.62,Retail
SO000604,2024-10-15,Mary Adeyemi,Johannesburg,Office,Keyboard,6,543,0,3258,2426.0,832.0,Retail
SO000605,2025-06-23,Thomas Miller,Toronto,Computing,Tablet,5,129,0.2,516.0,379.39,136.61,Retail
SO000606,2023-10-03,Robert Wilson,New York,Accessories,Smartphone,8,1242,0.05,9439.2,6652.68,2786.52,Retail
SO000607,2024-04-25,Thomas Smith,Toronto,Computing,Printer,4,1427,0.2,4566.4,2513.76,2052.64,Retail
SO000608,2022-04-08,Ibrahim Adeyemi,Port Harcourt,Computing,Keyboard,2,789,0,1578,1056.11,521.89,Retail
SO000609,2024-03-15,Fatima Bello,New York,Accessories,External SSD,3,114,0,342,196.22,145.78,Wholesale
SO000610,2022-03-02,Tunde Bello,New York,Computing,Monitor,7,923,0.2,5168.8,3289.59,1879.21,Retail
SO000611,2023-06-24,Jessica Wilson,Cape Town,Mobile,Desk,2,846,0.15,1438.2,993.08,445.12,Wholesale
SO000612,2022-05-18,Elizabeth Davis,Johannesburg,Computing,Router,5,1447,0,7235,4857.25,2377.75,Retail
SO000613,2025-07-28,Chinedu Miller,Dubai,Accessories,Laptop,3,248,0,744,429.58,314.42,Wholesale
SO000614,2025-10-10,Mary Smith,Dubai,Office,Mouse,4,937,0.15,3185.8,2495.09,690.71,Online
SO000615,2025-07-17,Thomas Adebayo,Kano,Electronics,Monitor,7,292,0.15,1737.4,1336.7,400.7,Retail
SO000616,2024-07-18,Blessing Ibrahim,London,Electronics,External SSD,4,1132,0.15,3848.8,3084.09,764.71,Retail
SO000617,2023-04-16,Blessing Okafor,Benin City,Electronics,Power Bank,3,382,0.15,974.1,767.84,206.26,Wholesale
SO000618,2022-02-16,Jennifer Thomas,London,Electronics,Headphones,1,205,0,205,128.32,76.68,Retail
SO000619,2025-10-06,Ngozi Jones,Kano,Computing,Monitor,2,416,0,832,556.81,275.19,Wholesale
SO000620,2025-02-22,Mary Williams,New York,Electronics,Office Chair,8,21,0.2,134.4,88.91,45.49,Retail
SO000621,2025-03-09,Tunde Davis,Accra,Computing,Printer,6,227,0.1,1225.8,686.25,539.55,Wholesale
SO000622,2025-05-30,Karen Brown,Port Harcourt,Electronics,Office Chair,8,988,0.2,6323.2,4631.56,1691.64,Online
SO000623,2022-06-22,Ngozi Mensah,Johannesburg,Accessories,Printer,4,1749,0.1,6296.4,4062.84,2233.56,Online
SO000624,2023-06-05,William Musa,Port Harcourt,Computing,Headphones,1,436,0,436,279.85,156.15,Retail
SO000625,2024-11-19,Patricia Eze,Accra,Mobile,Laptop,6,1674,0.1,9039.6,5356.37,3683.23,Online
SO000626,2023-01-12,Elizabeth Mensah,London,Computing,Power Bank,2,659,0,1318,748.86,569.14,Online
SO000627,2024-07-11,Fatima Ogunleye,Enugu,Computing,USB Hub,4,1376,0,5504,3700.78,1803.22,Online
SO000628,2022-07-11,Tunde Davis,Nairobi,Electronics,Keyboard,1,632,0,632,421.28,210.72,Retail
SO000629,2025-07-17,Patricia Ibrahim,Johannesburg,Mobile,USB Hub,4,616,0.2,1971.2,1386.23,584.97,Online
SO000630,2025-03-06,Charles Anderson,Dubai,Electronics,Router,5,1736,0.2,6944.0,4672.8,2271.2,Wholesale
SO000631,2023-04-04,John Wilson,London,Computing,Monitor,4,520,0,2080,1180.81,899.19,Online
SO000632,2023-05-02,James Williams,Port Harcourt,Mobile,External SSD,1,885,0,885,669.99,215.01,Online
SO000633,2022-11-06,Yusuf Williams,Benin City,Electronics,USB Hub,8,1696,0,13568,7528.94,6039.06,Online
SO000634,2024-01-03,Thomas Anderson,Abuja,Computing,Monitor,2,849,0.1,1528.2,843.7,684.5,Retail
SO000635,2025-01-04,Jessica Mensah,Dubai,Electronics,External SSD,7,1057,0,7399,4313.0,3086.0,Online
SO000636,2025-05-28,Joseph Okoye,Toronto,Computing,Office Chair,2,664,0.05,1261.6,842.22,419.38,Retail
SO000637,2022-11-16,Mary Brown,Port Harcourt,Office,USB Hub,8,748,0.15,5086.4,3194.54,1891.86,Retail
SO000638,2024-01-06,Joseph Thomas,Lagos,Computing,USB Hub,6,1745,0,10470,7627.09,2842.91,Retail
SO000639,2022-04-18,Michael Okoye,Accra,Mobile,Desk,2,431,0,862,695.99,166.01,Wholesale
SO000640,2024-04-28,Aisha Adeyemi,Cape Town,Accessories,Desk,5,565,0,2825,2084.8,740.2,Wholesale
SO000641,2023-04-14,Jessica Johnson,Abuja,Computing,Power Bank,4,1568,0.1,5644.8,3305.62,2339.18,Wholesale
SO000642,2022-09-20,Ngozi Okafor,Port Harcourt,Office,Headphones,8,1633,0.15,11104.4,6597.29,4507.11,Retail
SO000643,2025-11-04,Fatima Brown,Abuja,Computing,Printer,4,1565,0,6260,4056.4,2203.6,Wholesale
SO000644,2024-08-13,Ibrahim Okoye,Port Harcourt,Mobile,Mouse,7,1196,0.15,7116.2,4929.35,2186.85,Retail
SO000645,2023-10-08,Tunde Okoye,Dubai,Mobile,Headphones,8,1467,0.1,10562.4,8333.25,2229.15,Online
SO000646,2022-07-25,Patricia Jones,Cape Town,Mobile,USB Hub,7,1765,0.1,11119.5,6439.4,4680.1,Online
SO000647,2025-04-04,Linda Musa,Benin City,Mobile,Smartphone,5,1282,0.2,5128.0,4095.66,1032.34,Wholesale
SO000648,2022-12-21,Chinedu Okoye,Dubai,Office,Power Bank,4,1263,0.15,4294.2,2833.31,1460.89,Retail
SO000649,2024-10-24,Thomas Okafor,New York,Computing,Desk,6,694,0.1,3747.6,2409.46,1338.14,Wholesale
SO000650,2025-01-10,Ibrahim Ibrahim,Accra,Office,Smartphone,2,627,0.2,1003.2,582.08,421.12,Online
SO000651,2024-09-20,Robert Jones,Kano,Mobile,Headphones,5,938,0.05,4455.5,2615.3,1840.2,Online
SO000652,2022-12-24,Patricia Thomas,Enugu,Electronics,Smartphone,5,1154,0.1,5193.0,3628.22,1564.78,Retail
SO000653,2023-08-01,William Okoye,Lagos,Electronics,Office Chair,2,1034,0.1,1861.2,1157.79,703.41,Wholesale
SO000654,2024-11-23,Ibrahim Williams,Lagos,Mobile,Router,6,566,0.15,2886.6,2299.43,587.17,Wholesale
SO000655,2024-12-03,Susan Brown,Dubai,Mobile,Mouse,3,646,0.15,1647.3,954.92,692.38,Wholesale
SO000656,2023-03-30,Ngozi Anderson,Lagos,Electronics,Webcam,3,738,0.05,2103.3,1654.21,449.09,Retail
SO000657,2022-08-02,Sarah Smith,Johannesburg,Mobile,Desk,1,1465,0.05,1391.75,874.63,517.12,Online
SO000658,2023-05-08,Ngozi Mensah,Accra,Mobile,Office Chair,2,302,0.2,483.2,374.16,109.04,Wholesale
SO000659,2025-04-14,Ada Jones,Cape Town,Mobile,Smartphone,6,1773,0.15,9042.3,6681.25,2361.05,Wholesale
SO000660,2023-06-12,Chinedu Ibrahim,New York,Accessories,USB Hub,7,236,0.1,1486.8,974.33,512.47,Online
SO000661,2023-02-02,Ngozi Musa,New York,Computing,USB Hub,3,1087,0.1,2934.9,1823.18,1111.72,Wholesale
SO000662,2025-09-25,David Wilson,Enugu,Accessories,Laptop,8,441,0.15,2998.8,2177.69,821.11,Wholesale
SO000663,2022-09-07,Barbara Okafor,Nairobi,Computing,Headphones,2,1269,0.05,2411.1,1693.49,717.61,Retail
SO000664,2022-09-18,Michael Ogunleye,Toronto,Office,Printer,5,1583,0.1,7123.5,4933.74,2189.76,Online
SO000665,2024-05-21,Fatima Okafor,Cape Town,Office,Printer,2,517,0,1034,781.76,252.24,Wholesale
SO000666,2025-10-24,Jessica Mensah,Ibadan,Computing,Mouse,2,623,0.05,1183.7,923.41,260.29,Online
SO000667,2025-12-24,Jennifer Musa,Dubai,Computing,Printer,4,1247,0.1,4489.2,3017.71,1471.49,Retail
SO000668,2025-08-15,Michael Okoye,Toronto,Electronics,Mouse,4,1367,0.1,4921.2,3470.75,1450.45,Online
SO000669,2023-01-14,Chinedu Adeyemi,Benin City,Office,Router,5,655,0.2,2620.0,2059.53,560.47,Wholesale
SO000670,2022-02-07,Yusuf Davis,Port Harcourt,Electronics,Headphones,4,172,0,688,443.23,244.77,Retail
SO000671,2023-12-27,Barbara Okoye,Nairobi,Office,USB Hub,2,728,0.05,1383.2,959.75,423.45,Retail
SO000672,2023-08-03,Thomas Okafor,Nairobi,Accessories,Printer,7,307,0.1,1934.1,1096.6,837.5,Retail
SO000673,2025-08-08,David Anderson,Kano,Mobile,Monitor,6,1351,0,8106,6394.07,1711.93,Retail
SO000674,2023-05-20,Yusuf Thomas,Kano,Office,Webcam,7,1248,0.05,8299.2,5011.11,3288.09,Online
SO000675,2025-12-01,Fatima Anderson,New York,Mobile,Keyboard,3,876,0.15,2233.8,1585.67,648.13,Wholesale
SO000676,2023-03-21,Aisha Miller,Dubai,Accessories,Laptop,2,196,0,392,296.9,95.1,Wholesale
SO000677,2023-07-15,Chinedu Thomas,Cape Town,Accessories,Router,6,523,0.05,2981.1,1749.66,1231.44,Wholesale
SO000678,2022-02-09,Linda Adeyemi,Dubai,Mobile,Tablet,8,1125,0.15,7650.0,5279.42,2370.58,Retail
SO000679,2023-01-02,Joseph Adebayo,Accra,Accessories,Router,2,825,0.05,1567.5,1031.77,535.73,Online
SO000680,2022-12-10,Daniel Wilson,New York,Electronics,External SSD,4,1404,0,5616,3671.13,1944.87,Retail
SO000681,2023-10-22,Susan Williams,Kano,Electronics,External SSD,4,1060,0.05,4028.0,3096.28,931.72,Retail
SO000682,2022-10-16,Patricia Adeyemi,Abuja,Office,Headphones,5,1216,0.1,5472.0,3599.03,1872.97,Wholesale
SO000683,2023-08-21,Aisha Smith,Accra,Computing,Desk,4,257,0,1028,747.78,280.22,Wholesale
SO000684,2025-08-15,Karen Okoye,Dubai,Accessories,Office Chair,7,1422,0,9954,5631.39,4322.61,Retail
SO000685,2024-02-23,Ada Thomas,Accra,Mobile,Monitor,4,1521,0.1,5475.6,3038.06,2437.54,Wholesale
SO000686,2023-01-13,Karen Okafor,New York,Office,USB Hub,5,1319,0,6595,4915.89,1679.11,Wholesale
SO000687,2023-02-14,Elizabeth Musa,London,Mobile,USB Hub,6,139,0.15,708.9,477.24,231.66,Online
SO000688,2024-12-19,Linda Davis,Abuja,Electronics,Webcam,5,1153,0.2,4612.0,2822.54,1789.46,Retail
SO000689,2023-04-07,Mary Eze,Ibadan,Computing,External SSD,2,1183,0.05,2247.7,1480.31,767.39,Retail
SO000690,2022-09-08,Ada Williams,Ibadan,Computing,Smartphone,1,1239,0.2,991.2,686.26,304.94,Retail
SO000691,2022-07-25,Aisha Brown,London,Mobile,Router,8,885,0.05,6726.0,4720.0,2006.0,Wholesale
SO000692,2023-02-01,John Musa,Toronto,Accessories,Smartphone,2,1652,0,3304,2619.64,684.36,Retail
SO000693,2024-08-26,Thomas Miller,Enugu,Mobile,Router,8,327,0,2616,1596.94,1019.06,Online
SO000694,2024-11-18,James Ibrahim,Toronto,Computing,External SSD,8,484,0.15,3291.2,1821.03,1470.17,Online
SO000695,2022-07-09,Jennifer Bello,Accra,Mobile,External SSD,6,537,0.15,2738.7,1529.82,1208.88,Retail
SO000696,2023-09-25,Tunde Adebayo,Johannesburg,Mobile,Office Chair,6,206,0.05,1174.2,647.05,527.15,Wholesale
SO000697,2025-12-03,William Ogunleye,Kano,Accessories,Headphones,6,413,0.05,2354.1,1788.96,565.14,Retail
SO000698,2025-08-05,Yusuf Williams,London,Office,Laptop,8,84,0,672,429.52,242.48,Online
SO000699,2024-03-01,Blessing Musa,Nairobi,Computing,Mouse,8,727,0.1,5234.4,3857.59,1376.81,Retail
SO000700,2022-01-24,Linda Okafor,London,Electronics,Power Bank,5,1072,0,5360,3620.6,1739.4,Retail
SO000701,2022-07-15,Ngozi Okoye,Accra,Office,Tablet,1,740,0.05,703.0,551.92,151.08,Online
SO000702,2024-08-19,Fatima Mensah,Johannesburg,Mobile,Desk,5,1580,0.2,6320.0,5078.51,1241.49,Retail
SO000703,2025-01-28,Michael Jones,Accra,Electronics,Desk,2,53,0.05,100.7,78.8,21.9,Retail
SO000704,2022-09-11,William Eze,Dubai,Electronics,Tablet,6,514,0,3084,2330.8,753.2,Wholesale
SO000705,2024-03-22,Mary Davis,London,Electronics,Webcam,6,1625,0,9750,6386.72,3363.28,Online
SO000706,2023-10-14,Ibrahim Williams,Enugu,Electronics,Smartphone,2,692,0,1384,837.47,546.53,Wholesale
SO000707,2025-06-20,Charles Ibrahim,New York,Accessories,Power Bank,4,919,0.15,3124.6,2333.24,791.36,Retail
SO000708,2022-03-06,David Adebayo,New York,Computing,Smartphone,6,1444,0.05,8230.8,4944.47,3286.33,Wholesale
SO000709,2022-05-26,Yusuf Ibrahim,Benin City,Electronics,Monitor,5,273,0.05,1296.75,998.43,298.32,Retail
SO000710,2023-04-06,Jessica Davis,Nairobi,Accessories,USB Hub,6,327,0,1962,1278.27,683.73,Wholesale
SO000711,2025-09-19,Elizabeth Jones,Accra,Mobile,Router,2,926,0.15,1574.2,1086.21,487.99,Wholesale
SO000712,2022-12-20,Daniel Anderson,Nairobi,Office,External SSD,1,1613,0.05,1532.35,1062.56,469.79,Retail
SO000713,2024-07-14,James Wilson,Cape Town,Accessories,Power Bank,5,1356,0.2,5424.0,4217.2,1206.8,Online
SO000714,2024-10-11,Patricia Adeyemi,Abuja,Computing,Mouse,6,1166,0.15,5946.6,4431.41,1515.19,Online
SO000715,2023-04-23,Linda Ogunleye,Johannesburg,Accessories,Monitor,5,980,0,4900,3268.18,1631.82,Wholesale
SO000716,2022-12-13,Elizabeth Wilson,London,Mobile,Headphones,5,392,0.1,1764.0,1433.56,330.44,Online
SO000717,2024-01-21,Barbara Eze,Enugu,Electronics,External SSD,3,921,0.05,2624.85,1604.17,1020.68,Wholesale
SO000718,2023-08-26,Fatima Brown,New York,Computing,Power Bank,6,543,0,3258,2068.44,1189.56,Online
SO000719,2023-07-27,Patricia Miller,Benin City,Electronics,Headphones,4,1390,0,5560,3479.35,2080.65,Retail
SO000720,2022-08-06,Joseph Mensah,Enugu,Office,Power Bank,3,735,0.2,1764.0,1438.09,325.91,Retail
SO000721,2023-10-03,Emeka Ogunleye,Johannesburg,Office,Monitor,4,415,0.15,1411.0,831.27,579.73,Retail
SO000722,2025-10-25,Tunde Miller,London,Electronics,Monitor,4,360,0,1440,1058.49,381.51,Retail
SO000723,2023-04-17,Michael Bello,Kano,Electronics,Monitor,8,1031,0,8248,6506.67,1741.33,Wholesale
SO000724,2024-03-07,Barbara Musa,Cape Town,Office,Monitor,7,955,0,6685,3912.6,2772.4,Retail
SO000725,2024-08-16,Michael Thomas,Johannesburg,Accessories,Mouse,5,1295,0.05,6151.25,4773.2,1378.05,Wholesale
SO000726,2024-12-22,James Davis,Johannesburg,Electronics,Monitor,7,1206,0,8442,5359.67,3082.33,Retail
SO000727,2023-03-02,Karen Wilson,New York,Office,External SSD,4,268,0,1072,801.85,270.15,Online
SO000728,2024-03-14,Charles Anderson,Toronto,Computing,Router,3,840,0.2,2016.0,1443.86,572.14,Wholesale
SO000729,2022-04-06,Jennifer Davis,Nairobi,Electronics,Power Bank,2,1435,0.15,2439.5,1647.09,792.41,Wholesale
SO000730,2025-01-24,Jessica Bello,Port Harcourt,Accessories,USB Hub,6,613,0.1,3310.2,2582.7,727.5,Retail
SO000731,2025-11-23,Karen Okafor,Toronto,Computing,External SSD,6,1738,0.1,9385.2,6896.5,2488.7,Wholesale
SO000732,2023-03-23,Blessing Thomas,Lagos,Accessories,Printer,8,1466,0.1,10555.2,8220.39,2334.81,Online
SO000733,2023-03-19,Tunde Ibrahim,Abuja,Computing,Keyboard,8,606,0,4848,3670.73,1177.27,Retail
SO000734,2025-04-17,Thomas Anderson,Nairobi,Accessories,Keyboard,3,1351,0.15,3445.05,2326.05,1119.0,Wholesale
SO000735,2024-08-07,Emeka Okafor,London,Mobile,Tablet,2,838,0.15,1424.6,918.38,506.22,Retail
SO000736,2023-03-24,Blessing Musa,Toronto,Computing,Power Bank,6,1211,0,7266,4677.57,2588.43,Online
SO000737,2022-01-24,Michael Adebayo,Johannesburg,Office,External SSD,4,1467,0,5868,3844.28,2023.72,Online
SO000738,2023-03-23,Mary Smith,Abuja,Mobile,Headphones,4,368,0,1472,986.69,485.31,Retail
SO000739,2022-04-22,Linda Ibrahim,Benin City,Office,Webcam,8,742,0,5936,4426.89,1509.11,Wholesale
SO000740,2025-06-21,David Williams,Accra,Electronics,Monitor,5,1580,0.15,6715.0,5299.7,1415.3,Retail
SO000741,2025-10-30,Charles Jones,London,Electronics,Smartphone,3,848,0,2544,1418.33,1125.67,Online
SO000742,2023-08-11,James Adebayo,Johannesburg,Electronics,Headphones,5,1015,0,5075,3107.05,1967.95,Wholesale
SO000743,2022-04-28,Tunde Okoye,Port Harcourt,Electronics,USB Hub,4,1152,0.05,4377.6,2659.5,1718.1,Wholesale
SO000744,2022-12-27,Chinedu Miller,Enugu,Electronics,Smartphone,8,713,0,5704,3839.09,1864.91,Retail
SO000745,2025-10-18,James Mensah,Cape Town,Office,External SSD,7,138,0.1,869.4,685.45,183.95,Online
SO000746,2022-07-31,Susan Okafor,Port Harcourt,Accessories,USB Hub,1,857,0,857,551.0,306.0,Wholesale
SO000747,2022-11-24,James Ibrahim,Kano,Computing,Router,8,1541,0,12328,10079.71,2248.29,Wholesale
SO000748,2022-04-13,Mary Miller,Benin City,Computing,Monitor,6,492,0,2952,2382.08,569.92,Wholesale
SO000749,2025-02-25,Barbara Jones,London,Electronics,Webcam,5,897,0.15,3812.25,2997.87,814.38,Retail
SO000750,2025-10-15,Aisha Okafor,Nairobi,Computing,Mouse,1,1502,0.2,1201.6,871.59,330.01,Wholesale
SO000751,2023-04-15,Mary Adeyemi,Enugu,Computing,Monitor,8,1196,0.15,8132.8,6052.12,2080.68,Online
SO000752,2025-01-15,Thomas Miller,London,Office,Desk,8,1126,0.2,7206.4,3986.15,3220.25,Wholesale
SO000753,2023-05-18,Karen Miller,Toronto,Office,External SSD,4,1247,0,4988,3048.46,1939.54,Retail
SO000754,2023-08-05,Fatima Jones,New York,Computing,Webcam,6,1184,0.15,6038.4,3838.13,2200.27,Wholesale
SO000755,2025-11-17,Aisha Davis,Dubai,Electronics,Laptop,6,1459,0.15,7440.9,4785.85,2655.05,Retail
SO000756,2024-01-13,Yusuf Ogunleye,Benin City,Electronics,External SSD,7,703,0,4921,3860.23,1060.77,Retail
SO000757,2025-09-24,Michael Wilson,Toronto,Accessories,Keyboard,8,1348,0.2,8627.2,5419.99,3207.21,Online
SO000758,2024-06-30,Jessica Johnson,Toronto,Electronics,Mouse,6,1258,0.1,6793.2,4347.78,2445.42,Retail
SO000759,2023-07-18,David Bello,Port Harcourt,Accessories,Headphones,7,1659,0.15,9871.05,7813.05,2058.0,Wholesale
SO000760,2024-02-14,Elizabeth Anderson,Benin City,Office,Laptop,3,849,0,2547,2069.25,477.75,Retail
SO000761,2023-08-21,Charles Williams,Benin City,Mobile,Office Chair,3,1011,0,3033,1813.77,1219.23,Online
SO000762,2022-07-14,Jessica Johnson,Ibadan,Electronics,Printer,2,1396,0,2792,1549.52,1242.48,Wholesale
SO000763,2024-01-19,William Williams,Cape Town,Computing,External SSD,1,1356,0.2,1084.8,620.95,463.85,Online
SO000764,2023-09-26,Aisha Smith,London,Office,Office Chair,5,361,0.1,1624.5,957.92,666.58,Online
SO000765,2022-06-26,James Adeyemi,Nairobi,Accessories,Headphones,7,1421,0,9947,7943.92,2003.08,Wholesale
SO000766,2022-11-15,Chinedu Davis,Abuja,Mobile,Tablet,2,1237,0.15,2102.9,1247.98,854.92,Retail
SO000767,2022-04-27,Robert Wilson,Abuja,Office,Mouse,5,1192,0,5960,4825.27,1134.73,Retail
SO000768,2022-04-23,Linda Thomas,Abuja,Office,Smartphone,2,100,0.2,160.0,113.59,46.41,Wholesale
SO000769,2022-09-16,Linda Johnson,Ibadan,Computing,External SSD,8,321,0.05,2439.6,1671.2,768.4,Online
SO000770,2023-10-04,Ibrahim Adebayo,Benin City,Accessories,Smartphone,8,1280,0.05,9728.0,7867.38,1860.62,Wholesale
SO000771,2025-06-16,David Thomas,New York,Accessories,Printer,2,1453,0,2906,1931.61,974.39,Online
SO000772,2023-05-19,Ngozi Anderson,Dubai,Mobile,Laptop,6,777,0.1,4195.8,2541.91,1653.89,Online
SO000773,2023-03-17,William Miller,Kano,Mobile,Router,7,1058,0.15,6295.1,3722.81,2572.29,Retail
SO000774,2023-08-22,Barbara Ogunleye,New York,Electronics,Router,4,924,0,3696,2237.02,1458.98,Wholesale
SO000775,2023-11-26,Jessica Davis,Accra,Accessories,Router,2,778,0,1556,1104.66,451.34,Online
SO000776,2023-12-20,Sarah Ogunleye,Accra,Mobile,Smartphone,1,711,0.2,568.8,458.62,110.18,Online
SO000777,2025-08-18,William Adeyemi,Port Harcourt,Accessories,USB Hub,3,865,0.05,2465.25,1660.56,804.69,Wholesale
SO000778,2024-07-26,Jennifer Bello,Toronto,Electronics,Keyboard,4,259,0.1,932.4,723.32,209.08,Retail
SO000779,2025-01-27,Robert Bello,Nairobi,Office,Keyboard,3,346,0.15,882.3,496.74,385.56,Retail
SO000780,2025-06-14,Yusuf Brown,Lagos,Computing,Tablet,6,1776,0.15,9057.6,5574.55,3483.05,Online
SO000781,2024-12-14,Robert Adeyemi,Port Harcourt,Accessories,Tablet,2,518,0.15,880.6,539.32,341.28,Online
SO000782,2023-08-04,William Musa,Nairobi,Electronics,Keyboard,3,870,0.1,2349.0,1557.38,791.62,Wholesale
SO000783,2023-09-28,Emeka Okafor,Port Harcourt,Computing,Laptop,5,1194,0,5970,4761.57,1208.43,Online
SO000784,2025-02-02,Charles Wilson,Cape Town,Computing,Office Chair,2,1237,0,2474,1970.87,503.13,Online
SO000785,2023-10-30,Patricia Thomas,Nairobi,Computing,Laptop,4,1093,0.1,3934.8,2307.95,1626.85,Retail
SO000786,2024-04-19,Blessing Mensah,Johannesburg,Accessories,Keyboard,1,339,0,339,240.76,98.24,Online
SO000787,2023-11-01,Thomas Ogunleye,Ibadan,Electronics,Webcam,7,1608,0.05,10693.2,6115.96,4577.24,Retail
SO000788,2023-07-03,Linda Eze,Enugu,Electronics,Webcam,2,968,0.05,1839.2,1311.47,527.73,Online
SO000789,2024-11-20,Barbara Adebayo,London,Accessories,Power Bank,7,377,0,2639,1539.6,1099.4,Wholesale
SO000790,2022-05-20,Barbara Adebayo,Abuja,Office,Monitor,4,1181,0,4724,2726.0,1998.0,Wholesale
SO000791,2024-06-02,Yusuf Ogunleye,Ibadan,Electronics,Keyboard,4,519,0.15,1764.6,1064.66,699.94,Retail
SO000792,2022-01-19,Patricia Jones,Cape Town,Office,Monitor,4,804,0.15,2733.6,1772.09,961.51,Online
SO000793,2022-08-04,Emeka Adeyemi,Kano,Office,Printer,3,102,0.1,275.4,167.79,107.61,Wholesale
SO000794,2025-08-22,Karen Ogunleye,Accra,Mobile,Webcam,5,31,0.05,147.25,113.73,33.52,Wholesale
SO000795,2024-06-08,David Okoye,London,Computing,Printer,4,1459,0,5836,3975.45,1860.55,Wholesale
SO000796,2022-07-26,Ada Adebayo,Accra,Computing,Webcam,3,262,0,786,516.95,269.05,Retail
SO000797,2023-12-04,David Ibrahim,Benin City,Computing,Office Chair,3,1632,0.2,3916.8,2649.2,1267.6,Online
SO000798,2023-09-01,Emeka Brown,Benin City,Electronics,Webcam,3,541,0.05,1541.85,1241.12,300.73,Retail
SO000799,2022-12-08,Yusuf Ogunleye,Toronto,Mobile,Office Chair,5,326,0.05,1548.5,910.06,638.44,Retail
SO000800,2022-05-07,Charles Smith,Port Harcourt,Mobile,Mouse,7,708,0,4956,3930.96,1025.04,Online
SO000801,2023-09-27,Ibrahim Williams,New York,Electronics,USB Hub,5,1769,0,8845,5127.21,3717.79,Wholesale
SO000802,2024-05-14,Joseph Adeyemi,Dubai,Office,Printer,4,1778,0,7112,4457.5,2654.5,Retail
SO000803,2024-07-27,Chinedu Mensah,Abuja,Mobile,Laptop,7,1510,0.1,9513.0,7130.4,2382.6,Online
SO000804,2025-01-04,Fatima Adebayo,Cape Town,Office,Keyboard,3,661,0.2,1586.4,1204.7,381.7,Retail
SO000805,2024-06-25,William Okafor,Nairobi,Office,Monitor,8,656,0.2,4198.4,3407.14,791.26,Retail
SO000806,2025-03-25,Ibrahim Ibrahim,Port Harcourt,Accessories,Router,3,1282,0.2,3076.8,1741.59,1335.21,Online
SO000807,2024-07-07,Sarah Miller,Abuja,Mobile,USB Hub,2,174,0.1,313.2,219.03,94.17,Online
SO000808,2023-10-07,Barbara Williams,London,Accessories,Desk,1,570,0,570,366.5,203.5,Retail
SO000809,2024-12-21,Ada Bello,Dubai,Electronics,Power Bank,2,800,0.05,1520.0,1088.92,431.08,Online
SO000810,2022-09-15,Fatima Brown,Ibadan,Computing,Laptop,1,1031,0,1031,703.79,327.21,Retail
SO000811,2023-09-21,Jessica Wilson,Accra,Accessories,Mouse,3,893,0.05,2545.05,1659.46,885.59,Wholesale
SO000812,2024-04-27,Karen Brown,Benin City,Accessories,Webcam,5,1695,0,8475,6074.08,2400.92,Online
SO000813,2024-02-02,Ada Eze,London,Computing,Office Chair,7,1061,0,7427,5253.05,2173.95,Wholesale
SO000814,2024-02-01,Blessing Smith,Cape Town,Accessories,Keyboard,7,563,0,3941,2912.87,1028.13,Online
SO000815,2022-04-21,Ada Ogunleye,Johannesburg,Computing,Monitor,8,964,0,7712,5635.32,2076.68,Wholesale
SO000816,2024-09-18,Yusuf Musa,Toronto,Office,Mouse,3,1374,0.1,3709.8,2895.54,814.26,Online
SO000817,2022-12-14,Robert Miller,Toronto,Computing,Tablet,2,1618,0.15,2750.6,1821.01,929.59,Online
SO000818,2022-08-14,Patricia Adebayo,Ibadan,Electronics,Laptop,5,1311,0.2,5244.0,3738.55,1505.45,Online
SO000819,2023-02-19,Aisha Okoye,London,Mobile,External SSD,6,1157,0.15,5900.7,3641.15,2259.55,Wholesale
SO000820,2023-04-08,Barbara Adebayo,Toronto,Office,Monitor,4,707,0.1,2545.2,1553.37,991.83,Online
SO000821,2022-08-09,John Smith,Accra,Accessories,Printer,2,231,0.15,392.7,271.25,121.45,Online
SO000822,2022-04-24,David Jones,Dubai,Accessories,Office Chair,1,1393,0.1,1253.7,997.86,255.84,Retail
SO000823,2022-01-19,Charles Thomas,Abuja,Accessories,Keyboard,8,1245,0.1,8964.0,5997.44,2966.56,Online
SO000824,2025-05-27,Emeka Jones,Benin City,Mobile,Router,1,1722,0.2,1377.6,849.22,528.38,Retail
SO000825,2023-03-11,Tunde Johnson,Abuja,Accessories,Keyboard,5,1301,0.05,6179.75,4442.8,1736.95,Wholesale
SO000826,2024-04-18,Susan Johnson,Enugu,Mobile,Smartphone,5,529,0.15,2248.25,1398.93,849.32,Wholesale
SO000827,2024-08-26,David Thomas,Toronto,Accessories,Monitor,6,716,0,4296,3360.6,935.4,Wholesale
SO000828,2022-12-06,William Miller,Kano,Electronics,Keyboard,5,1411,0.05,6702.25,4162.82,2539.43,Wholesale
SO000829,2022-12-12,Tunde Jones,Nairobi,Accessories,Mouse,4,1578,0.2,5049.6,3490.55,1559.05,Wholesale
SO000830,2025-04-28,Tunde Brown,Ibadan,Accessories,USB Hub,2,942,0.15,1601.4,983.28,618.12,Online
SO000831,2022-10-29,Blessing Adebayo,Enugu,Electronics,Monitor,1,418,0.05,397.1,271.39,125.71,Wholesale
SO000832,2022-12-03,David Johnson,Lagos,Office,Mouse,1,1139,0.1,1025.1,613.55,411.55,Wholesale
SO000833,2023-04-04,James Williams,Johannesburg,Computing,Keyboard,6,306,0.15,1560.6,914.44,646.16,Retail
SO000834,2022-04-19,Patricia Bello,Dubai,Mobile,Tablet,2,1674,0.2,2678.4,1912.39,766.01,Online
SO000835,2025-04-11,Michael Williams,Dubai,Accessories,External SSD,5,1696,0.2,6784.0,4434.84,2349.16,Online
SO000836,2022-10-01,Yusuf Jones,Ibadan,Electronics,Laptop,2,1618,0,3236,2535.15,700.85,Online
SO000837,2025-04-23,Barbara Eze,Ibadan,Office,Router,8,732,0.05,5563.2,3397.03,2166.17,Online
SO000838,2023-05-18,Joseph Williams,Toronto,Office,Webcam,4,109,0,436,328.23,107.77,Wholesale
SO000839,2023-01-16,William Adeyemi,Lagos,Computing,Smartphone,2,345,0.1,621.0,492.52,128.48,Online
SO000840,2025-08-12,Charles Ogunleye,Ibadan,Accessories,USB Hub,3,992,0,2976,2237.34,738.66,Online
SO000841,2024-05-16,Linda Miller,Abuja,Mobile,Webcam,3,135,0,405,260.4,144.6,Wholesale
SO000842,2024-06-10,Michael Adebayo,Abuja,Electronics,Router,4,353,0.1,1270.8,742.06,528.74,Online
SO000843,2025-05-31,Charles Eze,Dubai,Mobile,Headphones,2,1495,0.2,2392.0,1612.78,779.22,Wholesale
SO000844,2022-03-24,Linda Eze,Cape Town,Computing,Mouse,8,91,0.2,582.4,323.03,259.37,Retail
SO000845,2024-06-28,Daniel Wilson,Enugu,Mobile,Keyboard,6,381,0.05,2171.7,1266.94,904.76,Online
SO000846,2022-05-07,Blessing Davis,Kano,Office,Headphones,8,160,0.15,1088.0,747.18,340.82,Retail
SO000847,2024-08-22,Joseph Johnson,Lagos,Office,Smartphone,6,472,0.15,2407.2,1569.73,837.47,Wholesale
SO000848,2024-05-23,Jennifer Wilson,Abuja,Mobile,Mouse,7,978,0,6846,4038.05,2807.95,Wholesale
SO000849,2023-10-29,Robert Johnson,Nairobi,Office,Headphones,5,1203,0,6015,3902.63,2112.37,Wholesale
SO000850,2022-06-18,Aisha Adeyemi,Nairobi,Electronics,External SSD,7,1382,0.15,8222.9,4731.75,3491.15,Online
SO000851,2022-05-18,Karen Musa,Ibadan,Accessories,Headphones,7,645,0.05,4289.25,2577.41,1711.84,Online
SO000852,2025-12-16,Jennifer Davis,Toronto,Computing,Keyboard,5,492,0,2460,1410.22,1049.78,Wholesale
SO000853,2022-10-11,Ibrahim Thomas,Accra,Computing,External SSD,5,1420,0.1,6390.0,3622.92,2767.08,Online
SO000854,2024-11-13,Emeka Adebayo,Dubai,Mobile,Monitor,7,911,0.1,5739.3,3239.12,2500.18,Wholesale
SO000855,2023-04-05,Michael Johnson,Nairobi,Computing,External SSD,6,1117,0.1,6031.8,4462.5,1569.3,Retail
SO000856,2023-12-07,Aisha Jones,Lagos,Computing,Monitor,4,1464,0,5856,3766.8,2089.2,Online
SO000857,2023-03-31,David Okoye,Nairobi,Electronics,Smartphone,2,1288,0.15,2189.6,1490.85,698.75,Retail
SO000858,2024-07-21,Ibrahim Ibrahim,Kano,Computing,Power Bank,7,576,0.2,3225.6,2368.88,856.72,Wholesale
SO000859,2024-01-29,Sarah Adeyemi,New York,Office,Mouse,2,611,0.2,977.6,733.37,244.23,Wholesale
SO000860,2022-07-29,Jessica Wilson,New York,Accessories,Headphones,2,1238,0,2476,1896.8,579.2,Online
SO000861,2025-06-13,Linda Mensah,Dubai,Electronics,Smartphone,5,248,0,1240,777.5,462.5,Online
SO000862,2024-08-31,Susan Okoye,Cape Town,Office,Laptop,3,1041,0.05,2966.85,1771.77,1195.08,Wholesale
SO000863,2024-09-14,Jennifer Smith,Accra,Mobile,Keyboard,7,1645,0.2,9212.0,7375.07,1836.93,Online
SO000864,2022-01-11,Joseph Thomas,Ibadan,Mobile,Laptop,4,400,0.05,1520.0,1214.76,305.24,Online
SO000865,2023-02-19,Charles Brown,Enugu,Mobile,Printer,4,1264,0.1,4550.4,3584.43,965.97,Online
SO000866,2023-11-02,Daniel Williams,Johannesburg,Electronics,External SSD,2,654,0,1308,887.83,420.17,Wholesale
SO000867,2025-07-22,Ibrahim Anderson,Cape Town,Computing,Laptop,6,293,0.1,1582.2,1234.83,347.37,Wholesale
SO000868,2025-05-04,Aisha Davis,Accra,Mobile,Office Chair,8,1355,0.05,10298.0,5778.92,4519.08,Online
SO000869,2024-05-10,Mary Adeyemi,London,Accessories,Smartphone,7,332,0.2,1859.2,1340.93,518.27,Retail
SO000870,2025-04-26,Sarah Bello,Nairobi,Mobile,Laptop,8,432,0,3456,2496.23,959.77,Online
SO000871,2022-12-20,Emeka Musa,New York,Accessories,Desk,5,689,0.15,2928.25,1859.96,1068.29,Wholesale
SO000872,2023-04-24,David Anderson,Johannesburg,Office,Tablet,7,957,0,6699,3835.47,2863.53,Retail
SO000873,2022-05-21,Elizabeth Jones,Cape Town,Mobile,Office Chair,7,923,0.05,6137.95,4505.83,1632.12,Online
SO000874,2025-04-13,Blessing Thomas,Accra,Accessories,Monitor,8,1471,0.2,9414.4,7096.55,2317.85,Online
SO000875,2023-05-18,Sarah Thomas,Port Harcourt,Office,Mouse,1,636,0.1,572.4,418.93,153.47,Retail
SO000876,2022-03-25,Jennifer Davis,Dubai,Office,Smartphone,1,802,0.1,721.8,529.7,192.1,Online
SO000877,2023-05-23,Tunde Williams,Enugu,Office,Office Chair,8,1523,0.15,10356.4,7639.75,2716.65,Online
SO000878,2022-11-06,Emeka Adeyemi,Ibadan,Office,Printer,3,1458,0,4374,2508.25,1865.75,Retail
SO000879,2022-07-28,Tunde Okafor,Ibadan,Computing,Power Bank,7,326,0,2282,1677.6,604.4,Retail
SO000880,2023-10-28,Michael Brown,Abuja,Electronics,Office Chair,5,1121,0.2,4484.0,2917.51,1566.49,Retail
SO000881,2023-08-10,Joseph Ogunleye,Abuja,Electronics,Printer,4,1194,0.15,4059.6,3193.56,866.04,Wholesale
SO000882,2022-08-01,Sarah Ogunleye,Dubai,Mobile,Headphones,4,703,0,2812,2050.68,761.32,Retail
SO000883,2022-12-06,Jessica Bello,Johannesburg,Computing,Desk,5,544,0.15,2312.0,1462.77,849.23,Retail
SO000884,2024-07-28,Ada Thomas,Cape Town,Electronics,Desk,4,297,0.2,950.4,621.85,328.55,Online
SO000885,2025-10-29,Robert Okoye,New York,Office,Webcam,4,285,0,1140,750.47,389.53,Wholesale
SO000886,2023-05-15,Jessica Wilson,Port Harcourt,Office,Laptop,2,729,0,1458,1185.75,272.25,Wholesale
SO000887,2024-09-28,Blessing Adeyemi,Toronto,Computing,Router,7,31,0,217,143.69,73.31,Retail
SO000888,2024-04-18,James Okoye,Port Harcourt,Mobile,Router,8,639,0.2,4089.6,3070.65,1018.95,Online
SO000889,2022-07-05,Michael Bello,Enugu,Computing,Tablet,1,43,0,43,30.2,12.8,Online
SO000890,2024-06-25,Daniel Eze,Johannesburg,Electronics,Smartphone,7,534,0,3738,2982.99,755.01,Retail
SO000891,2022-08-17,Susan Mensah,Benin City,Mobile,Monitor,1,1789,0.2,1431.2,819.01,612.19,Retail
SO000892,2022-10-23,Blessing Adeyemi,Port Harcourt,Mobile,Power Bank,7,1783,0,12481,10124.04,2356.96,Retail
SO000893,2023-06-01,Yusuf Jones,Abuja,Office,Desk,5,352,0.05,1672.0,1223.71,448.29,Wholesale
SO000894,2025-12-25,David Okafor,Abuja,Mobile,Laptop,7,980,0.1,6174.0,4258.28,1915.72,Wholesale
SO000895,2023-06-07,Patricia Adebayo,Johannesburg,Office,Desk,7,1082,0.05,7195.3,4179.98,3015.32,Retail
SO000896,2024-02-02,Michael Ogunleye,Johannesburg,Mobile,External SSD,3,926,0,2778,1956.15,821.85,Wholesale
SO000897,2022-05-10,Sarah Ibrahim,Enugu,Mobile,Smartphone,8,1504,0.05,11430.4,8335.47,3094.93,Online
SO000898,2024-12-22,Robert Eze,Dubai,Computing,Smartphone,2,399,0,798,541.63,256.37,Retail
SO000899,2022-08-21,Elizabeth Eze,Accra,Office,Monitor,4,1367,0,5468,3107.6,2360.4,Retail
SO000900,2025-01-12,William Eze,Accra,Electronics,Laptop,4,1147,0.15,3899.8,2182.35,1717.45,Wholesale
SO000901,2025-08-06,Charles Thomas,London,Mobile,Monitor,6,1176,0.1,6350.4,4605.91,1744.49,Retail
SO000902,2023-06-13,James Anderson,London,Electronics,Webcam,4,152,0.15,516.8,410.07,106.73,Online
SO000903,2025-03-31,John Williams,Enugu,Electronics,Desk,4,365,0.05,1387.0,1022.96,364.04,Retail
SO000904,2025-01-31,David Anderson,Kano,Computing,Desk,7,968,0.15,5759.6,3411.99,2347.61,Wholesale
SO000905,2023-12-10,Ngozi Bello,Lagos,Mobile,Smartphone,8,399,0.2,2553.6,1821.81,731.79,Online
SO000906,2022-09-05,Elizabeth Mensah,Kano,Office,Webcam,3,710,0.15,1810.5,1274.25,536.25,Retail
SO000907,2025-01-14,Aisha Anderson,Ibadan,Office,Office Chair,6,569,0,3414,2399.43,1014.57,Online
SO000908,2022-10-24,Tunde Eze,New York,Electronics,Smartphone,6,1737,0.15,8858.7,5226.42,3632.28,Wholesale
SO000909,2022-07-04,Jennifer Davis,Port Harcourt,Mobile,Router,4,564,0,2256,1397.77,858.23,Retail
SO000910,2023-10-11,Ngozi Miller,Toronto,Accessories,External SSD,4,1220,0.2,3904.0,2319.4,1584.6,Online
SO000911,2022-05-22,Michael Adebayo,Port Harcourt,Electronics,Router,1,1475,0.1,1327.5,1020.71,306.79,Wholesale
SO000912,2022-10-14,Aisha Thomas,London,Electronics,Smartphone,1,462,0.1,415.8,296.29,119.51,Online
SO000913,2022-04-24,Tunde Williams,London,Accessories,Mouse,6,1302,0.05,7421.4,4622.36,2799.04,Online
SO000914,2024-10-26,Sarah Miller,Cape Town,Office,Webcam,3,1578,0.05,4497.3,3486.0,1011.3,Online
SO000915,2023-06-04,Susan Miller,Dubai,Mobile,USB Hub,5,754,0.15,3204.5,2320.06,884.44,Wholesale
SO000916,2022-04-26,Linda Williams,London,Electronics,Laptop,2,757,0.05,1438.3,868.46,569.84,Online
SO000917,2024-10-06,James Davis,Kano,Electronics,Router,1,188,0.1,169.2,133.2,36.0,Retail
SO000918,2025-08-06,Sarah Smith,Kano,Mobile,Desk,8,1328,0.15,9030.4,6049.3,2981.1,Online
SO000919,2025-04-03,William Okoye,Cape Town,Mobile,Headphones,4,1668,0.15,5671.2,4168.61,1502.59,Online
SO000920,2024-01-19,Chinedu Mensah,London,Electronics,Desk,5,971,0.15,4126.75,3298.68,828.07,Wholesale
SO000921,2022-05-03,Jennifer Wilson,New York,Accessories,Mouse,6,1634,0.05,9313.8,7527.33,1786.47,Online
SO000922,2025-11-05,Mary Eze,Cape Town,Computing,Printer,2,1525,0.05,2897.5,2159.11,738.39,Wholesale
SO000923,2025-07-10,John Thomas,Port Harcourt,Computing,Monitor,1,272,0.2,217.6,145.37,72.23,Wholesale
SO000924,2022-06-11,William Davis,Dubai,Accessories,USB Hub,4,489,0,1956,1297.31,658.69,Online
SO000925,2022-04-18,Ada Okoye,New York,Mobile,Power Bank,5,666,0.05,3163.5,2480.32,683.18,Online
SO000926,2025-01-08,Elizabeth Jones,Lagos,Office,Office Chair,7,1597,0.05,10620.05,8374.79,2245.26,Wholesale
SO000927,2023-07-18,Yusuf Ogunleye,Benin City,Computing,Monitor,1,1772,0.2,1417.6,935.48,482.12,Retail
SO000928,2022-02-27,Chinedu Jones,Abuja,Computing,External SSD,8,1360,0.1,9792.0,6141.09,3650.91,Online
SO000929,2024-05-29,Susan Wilson,Toronto,Computing,Power Bank,6,28,0,168,130.06,37.94,Online
SO000930,2025-04-12,Thomas Okoye,New York,Office,Tablet,5,1458,0.1,6561.0,5071.62,1489.38,Wholesale
SO000931,2022-09-28,Sarah Johnson,Abuja,Electronics,Webcam,5,1123,0.1,5053.5,3095.28,1958.22,Retail
SO000932,2023-05-01,Tunde Okoye,Toronto,Computing,Router,3,990,0.2,2376.0,1650.24,725.76,Online
SO000933,2022-12-25,Chinedu Ogunleye,Johannesburg,Mobile,Printer,5,1752,0,8760,5337.37,3422.63,Retail
SO000934,2023-06-09,Michael Thomas,Enugu,Computing,Router,3,260,0.15,663.0,401.19,261.81,Online
SO000935,2025-02-23,Susan Mensah,Accra,Electronics,Desk,3,1268,0.15,3233.4,2518.37,715.03,Wholesale
SO000936,2022-08-26,Charles Ogunleye,Kano,Mobile,Laptop,1,454,0.15,385.9,266.73,119.17,Online
SO000937,2025-12-27,Susan Williams,Port Harcourt,Computing,Headphones,7,1726,0.05,11477.9,8903.14,2574.76,Wholesale
SO000938,2022-04-07,Blessing Musa,Dubai,Office,USB Hub,5,773,0.15,3285.25,2568.31,716.94,Retail
SO000939,2025-09-18,Joseph Ogunleye,Johannesburg,Accessories,Laptop,2,614,0,1228,736.93,491.07,Retail
SO000940,2025-01-31,Aisha Adebayo,Nairobi,Accessories,Tablet,1,209,0.05,198.55,129.97,68.58,Wholesale
SO000941,2025-10-13,James Smith,Port Harcourt,Computing,Laptop,2,1689,0,3378,2731.81,646.19,Retail
SO000942,2022-06-04,Mary Eze,Benin City,Office,Headphones,5,1615,0.1,7267.5,5399.45,1868.05,Online
SO000943,2025-03-12,Tunde Adebayo,Abuja,Electronics,Printer,8,1652,0,13216,7741.48,5474.52,Retail
SO000944,2022-05-14,Ada Davis,Lagos,Electronics,Printer,6,114,0,684,526.92,157.08,Wholesale
SO000945,2025-09-07,Blessing Ibrahim,London,Office,External SSD,5,985,0,4925,3878.79,1046.21,Wholesale
SO000946,2024-10-17,Sarah Smith,Enugu,Office,Smartphone,3,1492,0.2,3580.8,1976.05,1604.75,Retail
SO000947,2022-12-10,James Miller,London,Accessories,Laptop,8,699,0.05,5312.4,3198.12,2114.28,Online
SO000948,2025-12-17,Ada Mensah,Cape Town,Accessories,Smartphone,8,1054,0.1,7588.8,5841.97,1746.83,Wholesale
SO000949,2024-02-05,Karen Ogunleye,Nairobi,Office,External SSD,4,1683,0,6732,4074.74,2657.26,Wholesale
SO000950,2022-12-29,Karen Jones,Port Harcourt,Accessories,Keyboard,4,1469,0,5876,3955.44,1920.56,Retail
SO000951,2023-10-04,Aisha Adebayo,New York,Computing,Mouse,3,495,0,1485,1010.7,474.3,Online
SO000952,2025-03-10,William Bello,Kano,Computing,Webcam,4,756,0,3024,2106.22,917.78,Online
SO000953,2023-04-10,James Johnson,Johannesburg,Mobile,Headphones,4,1695,0.05,6441.0,4979.59,1461.41,Online
SO000954,2025-09-25,Fatima Anderson,Benin City,Electronics,Tablet,1,803,0.1,722.7,413.12,309.58,Wholesale
SO000955,2023-07-11,Ada Eze,Toronto,Office,Keyboard,7,908,0.15,5402.6,3619.02,1783.58,Online
SO000956,2023-01-08,Jennifer Brown,Cape Town,Computing,Printer,6,459,0.1,2478.6,1778.21,700.39,Online
SO000957,2022-12-28,Patricia Jones,London,Computing,USB Hub,8,1585,0,12680,9915.28,2764.72,Wholesale
SO000958,2025-05-22,Aisha Musa,New York,Mobile,Laptop,7,1269,0,8883,5256.34,3626.66,Wholesale
SO000959,2025-12-24,Yusuf Anderson,Nairobi,Mobile,External SSD,1,1737,0.2,1389.6,942.31,447.29,Wholesale
SO000960,2022-08-18,James Adeyemi,Kano,Mobile,Laptop,8,1278,0.05,9712.8,7313.32,2399.48,Retail
SO000961,2025-01-09,Fatima Okoye,London,Accessories,Laptop,7,1666,0,11662,9250.95,2411.05,Online
SO000962,2024-06-05,Karen Eze,Ibadan,Office,Office Chair,8,1450,0.05,11020.0,7338.38,3681.62,Wholesale
SO000963,2022-09-26,Chinedu Williams,Nairobi,Accessories,Office Chair,8,1178,0,9424,5581.17,3842.83,Wholesale
SO000964,2024-10-29,Thomas Ogunleye,Dubai,Accessories,External SSD,3,719,0.2,1725.6,1022.27,703.33,Online
SO000965,2023-01-09,John Ogunleye,Johannesburg,Accessories,Printer,2,1247,0,2494,1626.75,867.25,Retail
SO000966,2025-07-08,William Williams,Johannesburg,Mobile,Mouse,7,1322,0.15,7865.9,5432.49,2433.41,Retail
SO000967,2023-03-05,Sarah Miller,Johannesburg,Computing,USB Hub,2,1648,0.15,2801.6,1843.15,958.45,Retail
SO000968,2024-04-10,Robert Brown,Toronto,Mobile,Desk,4,545,0,2180,1636.31,543.69,Online
SO000969,2025-07-12,Tunde Bello,Lagos,Electronics,Webcam,8,332,0.05,2523.2,2054.37,468.83,Online
SO000970,2025-02-10,Ada Adebayo,Abuja,Computing,External SSD,4,427,0.05,1622.6,1306.02,316.58,Online
SO000971,2023-02-01,Susan Jones,Port Harcourt,Office,External SSD,2,318,0,636,381.75,254.25,Retail
SO000972,2022-01-30,Aisha Okafor,Lagos,Computing,Monitor,1,427,0.2,341.6,205.88,135.72,Wholesale
SO000973,2023-03-02,Susan Anderson,London,Accessories,Webcam,6,1353,0.05,7712.1,4833.4,2878.7,Wholesale
SO000974,2023-09-30,Mary Adeyemi,Enugu,Computing,Power Bank,4,703,0,2812,1723.15,1088.85,Retail
SO000975,2022-11-27,Tunde Davis,Abuja,Computing,Desk,2,163,0.1,293.4,231.93,61.47,Online
SO000976,2023-05-07,Linda Smith,Johannesburg,Mobile,Office Chair,8,1084,0.1,7804.8,4322.81,3481.99,Retail
SO000977,2023-07-03,Daniel Adebayo,Toronto,Electronics,External SSD,7,771,0,5397,4163.16,1233.84,Online
SO000978,2023-04-10,Fatima Adebayo,Port Harcourt,Mobile,Mouse,2,615,0.2,984.0,780.9,203.1,Wholesale
SO000979,2024-06-22,Jennifer Eze,Dubai,Electronics,Router,4,1579,0.05,6000.2,3801.91,2198.29,Online
SO000980,2023-04-06,Karen Bello,Abuja,Computing,Tablet,3,1387,0.2,3328.8,2237.07,1091.73,Online
SO000981,2024-09-12,Joseph Adeyemi,Ibadan,Mobile,Headphones,3,1488,0.1,4017.6,2489.02,1528.58,Wholesale
SO000982,2024-12-28,David Davis,Johannesburg,Mobile,Router,8,23,0.05,174.8,141.81,32.99,Online
SO000983,2023-06-11,Joseph Davis,Cape Town,Office,Tablet,5,922,0.15,3918.5,2532.67,1385.83,Retail
SO000984,2025-10-23,David Thomas,Ibadan,Computing,Webcam,4,617,0.05,2344.6,1778.11,566.49,Retail
SO000985,2025-05-17,Ada Anderson,Ibadan,Electronics,Keyboard,5,1480,0.2,5920.0,3516.08,2403.92,Wholesale
SO000986,2025-02-18,Jennifer Okafor,Enugu,Electronics,Desk,8,180,0.1,1296.0,894.73,401.27,Wholesale
SO000987,2022-03-06,Aisha Smith,Abuja,Electronics,External SSD,5,1202,0.05,5709.5,3383.2,2326.3,Wholesale
SO000988,2025-03-02,Ibrahim Wilson,Accra,Computing,Desk,7,1361,0,9527,6621.68,2905.32,Wholesale
SO000989,2023-12-30,Thomas Musa,Accra,Office,Router,3,688,0.05,1960.8,1194.52,766.28,Retail
SO000990,2023-10-23,Elizabeth Brown,Port Harcourt,Mobile,Desk,4,579,0.15,1968.6,1306.04,662.56,Retail
SO000991,2024-06-09,Susan Johnson,Nairobi,Computing,Office Chair,6,1663,0.2,7982.4,5844.32,2138.08,Wholesale
SO000992,2023-11-18,Emeka Eze,Cape Town,Mobile,USB Hub,8,341,0,2728,1515.22,1212.78,Retail
SO000993,2025-05-02,Daniel Davis,Benin City,Computing,Smartphone,5,931,0.05,4422.25,3005.77,1416.48,Wholesale
SO000994,2024-01-20,John Brown,Enugu,Office,Power Bank,8,1344,0.05,10214.4,8172.78,2041.62,Wholesale
SO000995,2025-02-18,Ngozi Smith,Benin City,Office,Monitor,6,1347,0,8082,6609.14,1472.86,Wholesale
SO000996,2022-11-18,David Brown,Ibadan,Computing,Office Chair,1,480,0.1,432.0,326.95,105.05,Retail
SO000997,2023-01-07,Jennifer Bello,Accra,Computing,Mouse,8,1709,0.1,12304.8,7153.38,5151.42,Retail
SO000998,2023-06-25,Michael Okoye,Dubai,Accessories,Router,7,1566,0.1,9865.8,5499.85,4365.95,Wholesale
SO000999,2022-07-01,James Miller,Port Harcourt,Office,Mouse,4,1140,0,4560,3416.31,1143.69,Retail
SO001000,2025-01-18,Yusuf Brown,Nairobi,Mobile,Smartphone,5,921,0.05,4374.75,3279.77,1094.98,Wholesale
SO001001,2023-07-19,Barbara Davis,Cape Town,Accessories,External SSD,8,1577,0.2,10092.8,5661.63,4431.17,Wholesale
SO001002,2023-02-19,Chinedu Bello,Johannesburg,Accessories,Mouse,2,111,0.05,210.9,145.19,65.71,Wholesale
SO001003,2022-07-09,Chinedu Ogunleye,London,Mobile,Keyboard,2,1465,0.15,2490.5,1760.9,729.6,Online
SO001004,2022-12-31,David Adebayo,Johannesburg,Electronics,Monitor,8,951,0.2,6086.4,4657.34,1429.06,Wholesale
SO001005,2024-09-08,John Mensah,Enugu,Office,External SSD,5,1192,0.15,5066.0,3328.97,1737.03,Retail
SO001006,2022-08-21,Sarah Okafor,Ibadan,Office,Printer,6,536,0.15,2733.6,2177.79,555.81,Retail
SO001007,2022-09-28,Fatima Davis,New York,Mobile,Router,2,1199,0,2398,1374.34,1023.66,Retail
SO001008,2024-07-28,Barbara Bello,London,Electronics,Printer,5,1371,0.15,5826.75,4092.5,1734.25,Retail
SO001009,2022-05-17,Patricia Williams,Benin City,Computing,Router,2,498,0,996,699.67,296.33,Online
SO001010,2024-12-29,Fatima Ogunleye,Kano,Accessories,Desk,6,1310,0,7860,5738.31,2121.69,Online
SO001011,2024-07-20,Mary Ibrahim,Cape Town,Accessories,Smartphone,5,1716,0.1,7722.0,5658.74,2063.26,Online
SO001012,2023-07-17,Robert Okoye,Ibadan,Computing,Printer,1,1343,0,1343,1017.09,325.91,Wholesale
SO001013,2024-10-05,Daniel Okoye,Johannesburg,Office,Power Bank,1,1149,0,1149,936.52,212.48,Wholesale
SO001014,2024-11-27,David Eze,London,Electronics,Tablet,5,390,0.05,1852.5,1043.36,809.14,Wholesale
SO001015,2025-01-14,Susan Thomas,London,Electronics,Tablet,7,1667,0.1,10502.1,7811.39,2690.71,Online
SO001016,2025-12-26,Ngozi Thomas,Ibadan,Computing,Smartphone,2,1018,0.1,1832.4,1274.16,558.24,Online
SO001017,2023-01-16,Thomas Okoye,Enugu,Accessories,Monitor,5,755,0.15,3208.75,1823.67,1385.08,Online
SO001018,2022-03-06,Patricia Williams,London,Office,Router,7,1070,0.2,5992.0,4456.29,1535.71,Retail
SO001019,2023-04-07,Fatima Adeyemi,Port Harcourt,Computing,Desk,1,1217,0.2,973.6,672.42,301.18,Wholesale
SO001020,2022-03-11,Charles Bello,Lagos,Office,Printer,1,738,0.15,627.3,482.18,145.12,Wholesale
SO001021,2023-04-03,Linda Ogunleye,Nairobi,Computing,Monitor,3,757,0.15,1930.35,1082.53,847.82,Online
SO001022,2025-05-03,Jessica Smith,Cape Town,Accessories,Office Chair,8,730,0.1,5256.0,4063.6,1192.4,Retail
SO001023,2025-04-04,James Williams,Kano,Mobile,Smartphone,5,1418,0.15,6026.5,3555.61,2470.89,Online
SO001024,2024-02-28,Ada Ibrahim,Toronto,Office,Printer,6,929,0.1,5016.6,3826.54,1190.06,Online
SO001025,2025-12-02,Michael Jones,Dubai,Accessories,Keyboard,7,466,0.05,3098.9,2175.97,922.93,Online
SO001026,2025-01-26,Joseph Jones,Nairobi,Mobile,Tablet,6,1196,0,7176,5882.6,1293.4,Online
SO001027,2022-06-02,Jessica Adeyemi,Port Harcourt,Office,Tablet,7,1065,0.1,6709.5,3869.49,2840.01,Retail
SO001028,2023-08-22,Ibrahim Wilson,Abuja,Office,Printer,1,883,0.05,838.85,632.58,206.27,Wholesale
SO001029,2024-07-15,Karen Williams,Kano,Mobile,Tablet,8,490,0.05,3724.0,2261.39,1462.61,Retail
SO001030,2024-09-14,Ngozi Eze,Port Harcourt,Electronics,Power Bank,2,1681,0.05,3193.9,2437.85,756.05,Retail
SO001031,2024-04-08,Yusuf Mensah,Toronto,Mobile,Monitor,7,278,0,1946,1291.42,654.58,Wholesale
SO001032,2024-06-25,Susan Davis,Abuja,Accessories,Keyboard,1,423,0.05,401.85,327.21,74.64,Online
SO001033,2022-02-05,Susan Ibrahim,Benin City,Electronics,USB Hub,4,770,0,3080,1698.81,1381.19,Wholesale
SO001034,2024-02-08,Karen Okoye,Abuja,Computing,Desk,2,1235,0,2470,1657.75,812.25,Online
SO001035,2022-01-06,Charles Bello,Nairobi,Mobile,USB Hub,3,1076,0,3228,1946.45,1281.55,Wholesale
SO001036,2023-09-16,Thomas Jones,Cape Town,Office,Laptop,8,1159,0,9272,5366.88,3905.12,Retail
SO001037,2025-04-20,William Brown,Toronto,Office,Power Bank,8,1265,0,10120,7952.34,2167.66,Online
SO001038,2022-12-15,Mary Okoye,Kano,Office,Smartphone,8,1121,0.2,7174.4,4929.9,2244.5,Wholesale
SO001039,2024-09-07,Joseph Musa,Nairobi,Accessories,Office Chair,6,1720,0,10320,6348.17,3971.83,Retail
SO001040,2023-06-28,Daniel Okoye,Enugu,Computing,Router,7,1462,0.15,8698.9,5463.48,3235.42,Online
SO001041,2022-07-18,Aisha Williams,Abuja,Accessories,Desk,1,312,0.1,280.8,212.96,67.84,Retail
SO001042,2025-01-02,Susan Ogunleye,London,Mobile,Monitor,7,1721,0.05,11444.65,7448.04,3996.61,Retail
SO001043,2022-10-24,Mary Mensah,Nairobi,Office,Desk,8,1618,0,12944,8783.81,4160.19,Online
SO001044,2023-01-15,Jennifer Bello,Cape Town,Office,External SSD,1,283,0.15,240.55,175.27,65.28,Wholesale
SO001045,2022-09-01,Ngozi Bello,Dubai,Mobile,Mouse,3,894,0.15,2279.7,1263.58,1016.12,Wholesale
SO001046,2025-03-27,Ibrahim Williams,Enugu,Mobile,Router,3,1019,0.15,2598.45,2070.48,527.97,Retail
SO001047,2024-01-02,Charles Brown,Kano,Computing,Tablet,6,1747,0.1,9433.8,7363.3,2070.5,Wholesale
SO001048,2024-05-29,Emeka Bello,New York,Accessories,Printer,6,22,0.2,105.6,81.42,24.18,Online
SO001049,2022-02-25,Mary Brown,Toronto,Accessories,Smartphone,4,1587,0,6348,3641.48,2706.52,Online
SO001050,2023-12-10,Mary Davis,Lagos,Computing,Printer,6,1634,0.05,9313.8,6120.1,3193.7,Online
SO001051,2022-09-23,Charles Johnson,Toronto,Computing,Office Chair,2,1306,0,2612,1889.57,722.43,Online
SO001052,2023-02-27,Linda Williams,Benin City,Electronics,USB Hub,2,1455,0.2,2328.0,1633.87,694.13,Online
SO001053,2023-04-15,Linda Johnson,Accra,Accessories,Power Bank,5,708,0.15,3009.0,2272.39,736.61,Online
SO001054,2022-01-22,Ibrahim Williams,Kano,Office,Printer,5,1162,0.2,4648.0,3452.77,1195.23,Wholesale
SO001055,2023-09-14,Ngozi Mensah,New York,Electronics,USB Hub,6,288,0,1728,1141.68,586.32,Wholesale
SO001056,2025-12-31,Michael Miller,Cape Town,Mobile,Webcam,6,670,0,4020,2710.07,1309.93,Retail
SO001057,2024-11-25,Robert Miller,Nairobi,Mobile,Headphones,6,1441,0.15,7349.1,5154.63,2194.47,Wholesale
SO001058,2025-08-02,Daniel Adeyemi,Dubai,Computing,Tablet,2,1777,0.2,2843.2,2131.5,711.7,Wholesale
SO001059,2022-03-02,Daniel Okoye,Kano,Electronics,USB Hub,1,579,0,579,415.35,163.65,Online
SO001060,2024-03-02,William Adeyemi,Ibadan,Computing,Office Chair,7,486,0,3402,2394.09,1007.91,Online
SO001061,2024-01-12,Michael Okafor,Nairobi,Mobile,Headphones,8,261,0.15,1774.8,1270.6,504.2,Retail
SO001062,2025-10-18,Blessing Okoye,Cape Town,Electronics,Smartphone,5,865,0.2,3460.0,1987.76,1472.24,Online
SO001063,2023-05-03,Ada Wilson,Cape Town,Accessories,Webcam,1,1622,0.1,1459.8,1125.69,334.11,Online
SO001064,2024-04-20,William Bello,Port Harcourt,Mobile,Webcam,5,1255,0.15,5333.75,2983.7,2350.05,Wholesale
SO001065,2024-06-23,Susan Okafor,Lagos,Computing,Printer,4,1573,0,6292,5149.92,1142.08,Online
SO001066,2025-08-13,Barbara Brown,Lagos,Mobile,Webcam,3,1008,0.05,2872.8,2308.17,564.63,Online
SO001067,2024-11-18,Susan Brown,New York,Office,Keyboard,8,534,0.15,3631.2,2692.49,938.71,Online
SO001068,2024-11-08,Charles Mensah,New York,Electronics,Tablet,6,929,0.1,5016.6,3496.9,1519.7,Online
SO001069,2023-05-05,Patricia Adeyemi,Benin City,Electronics,Laptop,4,619,0.2,1980.8,1524.97,455.83,Retail
SO001070,2023-07-23,Ibrahim Brown,Cape Town,Office,Mouse,1,1166,0.15,991.1,545.25,445.85,Retail
SO001071,2024-07-17,William Mensah,Port Harcourt,Mobile,USB Hub,7,931,0,6517,4311.18,2205.82,Retail
SO001072,2025-10-12,Mary Johnson,Accra,Electronics,External SSD,2,743,0.05,1411.7,972.2,439.5,Retail
SO001073,2025-05-19,Daniel Bello,Abuja,Accessories,Smartphone,4,942,0.05,3579.6,2926.85,652.75,Online
SO001074,2025-05-26,John Jones,Port Harcourt,Electronics,Desk,2,135,0.1,243.0,190.83,52.17,Retail
SO001075,2024-12-24,Robert Adebayo,Cape Town,Computing,USB Hub,4,1399,0.15,4756.6,2984.05,1772.55,Wholesale
SO001076,2024-08-28,Susan Ibrahim,Lagos,Office,Mouse,5,1448,0.15,6154.0,4985.66,1168.34,Wholesale
SO001077,2022-03-04,Linda Thomas,Johannesburg,Computing,Monitor,3,833,0.1,2249.1,1763.57,485.53,Wholesale
SO001078,2022-05-13,William Jones,Ibadan,Electronics,External SSD,2,40,0.05,76.0,49.31,26.69,Wholesale
SO001079,2025-07-01,Emeka Ibrahim,Cape Town,Electronics,Desk,2,1398,0.2,2236.8,1414.5,822.3,Online
SO001080,2024-11-29,Yusuf Thomas,London,Computing,Power Bank,1,1421,0.05,1349.95,1102.81,247.14,Retail
SO001081,2024-12-20,Charles Johnson,Toronto,Office,Laptop,3,67,0,201,152.39,48.61,Online
SO001082,2025-09-11,Susan Davis,Lagos,Computing,Headphones,5,1216,0.2,4864.0,3220.97,1643.03,Online
SO001083,2023-11-14,Barbara Okafor,Nairobi,Office,Office Chair,6,720,0.15,3672.0,2070.43,1601.57,Retail
SO001084,2022-12-17,Chinedu Wilson,Lagos,Electronics,Headphones,8,889,0,7112,5558.28,1553.72,Wholesale
SO001085,2022-02-12,Yusuf Johnson,Benin City,Accessories,External SSD,2,115,0,230,187.56,42.44,Online
SO001086,2022-10-22,Chinedu Williams,Cape Town,Office,Laptop,3,1226,0,3678,2872.99,805.01,Online
SO001087,2025-09-05,Elizabeth Miller,Ibadan,Mobile,Headphones,8,1353,0.05,10282.8,6570.4,3712.4,Online
SO001088,2022-09-13,Susan Ogunleye,Enugu,Electronics,Power Bank,5,393,0.05,1866.75,1149.47,717.28,Wholesale
SO001089,2024-05-07,Emeka Wilson,Cape Town,Mobile,USB Hub,6,315,0.1,1701.0,1339.34,361.66,Retail
SO001090,2022-10-03,Yusuf Miller,Toronto,Mobile,Smartphone,5,1500,0,7500,5967.98,1532.02,Retail
SO001091,2025-04-13,Patricia Jones,Nairobi,Office,Printer,8,642,0,5136,3532.02,1603.98,Online
SO001092,2024-09-01,Susan Eze,Ibadan,Electronics,Office Chair,2,1325,0,2650,1950.1,699.9,Online
SO001093,2024-11-01,Karen Davis,Ibadan,Mobile,Monitor,2,553,0,1106,712.03,393.97,Wholesale
SO001094,2024-03-10,Ngozi Okoye,Abuja,Electronics,Webcam,8,871,0,6968,4300.98,2667.02,Online
SO001095,2023-06-28,Jessica Okafor,Kano,Electronics,Monitor,5,1683,0.2,6732.0,4858.09,1873.91,Retail
SO001096,2025-05-09,Tunde Musa,Kano,Computing,Monitor,5,289,0,1445,840.59,604.41,Wholesale
SO001097,2024-02-01,Tunde Adebayo,Johannesburg,Computing,Headphones,7,284,0,1988,1333.64,654.36,Wholesale
SO001098,2024-12-06,Patricia Eze,London,Office,Office Chair,2,228,0.05,433.2,289.45,143.75,Retail
SO001099,2022-06-24,Ngozi Adebayo,Dubai,Accessories,Power Bank,3,1517,0.2,3640.8,2452.57,1188.23,Wholesale
SO001100,2022-11-14,Mary Ibrahim,Port Harcourt,Mobile,Desk,7,1368,0.1,8618.4,5336.29,3282.11,Wholesale
SO001101,2023-03-05,Patricia Johnson,Cape Town,Accessories,Router,5,1646,0.05,7818.5,5517.23,2301.27,Online
SO001102,2023-07-24,Jennifer Adeyemi,Accra,Accessories,Headphones,4,1364,0,5456,3398.99,2057.01,Wholesale
SO001103,2023-10-22,Emeka Adebayo,New York,Mobile,Monitor,8,126,0.05,957.6,630.82,326.78,Wholesale
SO001104,2023-12-12,James Wilson,Kano,Mobile,Mouse,8,1682,0,13456,7714.36,5741.64,Retail
SO001105,2023-01-07,Thomas Miller,Accra,Accessories,Monitor,3,387,0.1,1044.9,588.07,456.83,Wholesale
SO001106,2023-01-10,Joseph Mensah,Dubai,Computing,Power Bank,8,1181,0.15,8030.8,5111.86,2918.94,Online
SO001107,2022-09-17,Ibrahim Davis,Benin City,Mobile,USB Hub,7,1465,0.15,8716.75,5557.23,3159.52,Online
SO001108,2023-04-09,Linda Jones,Lagos,Computing,Desk,3,1534,0.15,3911.7,2710.55,1201.15,Wholesale
SO001109,2024-05-01,Yusuf Okoye,Benin City,Office,Smartphone,7,1003,0,7021,4330.35,2690.65,Retail
SO001110,2024-01-22,Tunde Okafor,Accra,Mobile,Office Chair,7,767,0,5369,4218.06,1150.94,Online
SO001111,2025-05-06,Emeka Mensah,Toronto,Electronics,Desk,1,1342,0.15,1140.7,876.55,264.15,Online
SO001112,2024-09-01,Yusuf Eze,London,Office,Printer,2,1113,0,2226,1403.25,822.75,Wholesale
SO001113,2024-07-23,Tunde Ogunleye,London,Accessories,Webcam,6,1444,0.15,7364.4,4114.27,3250.13,Retail
SO001114,2024-03-26,John Jones,Nairobi,Office,Headphones,5,1022,0,5110,2979.44,2130.56,Wholesale
SO001115,2024-02-18,Emeka Smith,Lagos,Office,Keyboard,3,1173,0.1,3167.1,2209.54,957.56,Retail
SO001116,2024-07-03,Chinedu Ogunleye,Lagos,Office,Desk,6,1589,0.2,7627.2,5098.71,2528.49,Wholesale
SO001117,2023-09-01,Sarah Anderson,Enugu,Electronics,Printer,4,1246,0,4984,3685.57,1298.43,Wholesale
SO001118,2025-08-16,Patricia Brown,Enugu,Electronics,Tablet,6,92,0,552,377.43,174.57,Online
SO001119,2025-02-14,Patricia Ogunleye,Port Harcourt,Computing,Headphones,8,1623,0.2,10387.2,5827.5,4559.7,Retail
SO001120,2025-10-31,Patricia Okoye,Cape Town,Computing,Webcam,8,1682,0.1,12110.4,8537.74,3572.66,Wholesale
SO001121,2024-04-30,Barbara Adebayo,New York,Accessories,External SSD,4,378,0.05,1436.4,1108.68,327.72,Wholesale
SO001122,2023-12-10,Michael Johnson,London,Electronics,Desk,3,708,0.05,2017.8,1618.73,399.07,Retail
SO001123,2024-06-20,David Williams,Port Harcourt,Mobile,Tablet,7,1267,0.05,8425.55,5071.02,3354.53,Retail
SO001124,2023-11-25,Elizabeth Musa,Dubai,Accessories,Keyboard,3,847,0.05,2413.95,1680.6,733.35,Online
SO001125,2025-04-21,James Eze,New York,Office,Laptop,8,1333,0,10664,6199.62,4464.38,Retail
SO001126,2025-03-23,James Thomas,Cape Town,Electronics,Mouse,4,1529,0.05,5810.2,4257.4,1552.8,Wholesale
SO001127,2025-05-26,Chinedu Anderson,Toronto,Electronics,Router,1,1582,0.2,1265.6,726.58,539.02,Wholesale
SO001128,2023-05-18,Joseph Adeyemi,Cape Town,Mobile,Router,5,1695,0.05,8051.25,5482.71,2568.54,Retail
SO001129,2025-04-27,Charles Musa,Nairobi,Computing,Mouse,7,1341,0.05,8917.65,5467.99,3449.66,Online
SO001130,2024-09-21,Mary Anderson,Nairobi,Mobile,Monitor,7,282,0,1974,1190.5,783.5,Online
SO001131,2022-04-21,Yusuf Williams,Lagos,Electronics,Router,1,170,0.05,161.5,115.47,46.03,Online
SO001132,2025-07-14,John Adeyemi,London,Electronics,External SSD,8,499,0.15,3393.2,2693.77,699.43,Wholesale
SO001133,2022-09-23,Susan Thomas,New York,Office,Webcam,5,1379,0.1,6205.5,3428.19,2777.31,Online
SO001134,2025-10-31,James Ogunleye,London,Electronics,Router,4,1377,0.15,4681.8,3335.53,1346.27,Retail
SO001135,2025-11-20,Aisha Anderson,New York,Accessories,Monitor,5,1472,0,7360,5133.98,2226.02,Online
SO001136,2022-05-08,Robert Ibrahim,Ibadan,Mobile,Desk,6,934,0,5604,3577.85,2026.15,Online
SO001137,2024-06-04,Fatima Adeyemi,Johannesburg,Office,Mouse,8,131,0.05,995.6,777.38,218.22,Retail
SO001138,2023-11-18,Patricia Bello,Enugu,Mobile,Power Bank,8,624,0,4992,3788.78,1203.22,Retail
SO001139,2024-09-02,Sarah Jones,Accra,Computing,Headphones,6,523,0.15,2667.3,1572.75,1094.55,Retail
SO001140,2023-11-14,Emeka Williams,Kano,Electronics,Power Bank,8,284,0.15,1931.2,1261.87,669.33,Retail
SO001141,2025-04-09,Tunde Ogunleye,Kano,Office,Power Bank,2,1357,0.2,2171.2,1548.13,623.07,Retail
SO001142,2022-01-01,Susan Adebayo,Ibadan,Computing,Tablet,2,1097,0,2194,1461.6,732.4,Retail
SO001143,2023-06-10,Susan Eze,Dubai,Mobile,External SSD,5,1221,0.05,5799.75,3938.26,1861.49,Online
SO001144,2022-06-26,Michael Mensah,Dubai,Mobile,Webcam,8,471,0.15,3202.8,2345.45,857.35,Retail
SO001145,2024-01-10,Michael Miller,Nairobi,Computing,Desk,3,726,0,2178,1539.81,638.19,Online
SO001146,2023-01-02,David Thomas,Benin City,Computing,Headphones,8,727,0.15,4943.6,2826.91,2116.69,Wholesale
SO001147,2025-04-01,Ada Smith,Toronto,Accessories,Router,8,652,0.15,4433.6,3200.36,1233.24,Online
SO001148,2024-11-14,Yusuf Davis,Benin City,Accessories,Monitor,6,530,0.1,2862.0,2217.36,644.64,Online
SO001149,2025-03-11,Mary Brown,Benin City,Computing,Office Chair,4,620,0,2480,1935.59,544.41,Wholesale
SO001150,2025-11-13,Mary Okoye,Cape Town,Office,Mouse,7,585,0.05,3890.25,3066.59,823.66,Online
SO001151,2022-07-08,Joseph Musa,Dubai,Computing,Keyboard,6,94,0.15,479.4,281.82,197.58,Wholesale
SO001152,2025-05-09,David Bello,Kano,Accessories,Webcam,2,1506,0,3012,1989.55,1022.45,Retail
SO001153,2025-04-04,Patricia Thomas,New York,Office,Printer,6,572,0,3432,2128.24,1303.76,Wholesale
SO001154,2023-08-23,Jessica Musa,Benin City,Office,Office Chair,7,1575,0,11025,6469.74,4555.26,Retail
SO001155,2024-09-27,Jennifer Musa,Dubai,Computing,Headphones,5,1112,0.05,5282.0,4210.99,1071.01,Wholesale
SO001156,2024-08-19,Jennifer Adebayo,Lagos,Office,Laptop,7,795,0.15,4730.25,3451.52,1278.73,Wholesale
SO001157,2025-02-09,Daniel Jones,Nairobi,Accessories,Power Bank,5,1237,0.1,5566.5,4190.6,1375.9,Online
SO001158,2023-06-30,Linda Okafor,Lagos,Mobile,Tablet,8,1464,0.05,11126.4,8520.67,2605.73,Online
SO001159,2024-05-18,Robert Okoye,Kano,Electronics,Router,3,970,0,2910,2246.28,663.72,Retail
SO001160,2022-05-28,Barbara Ibrahim,Port Harcourt,Office,Monitor,5,479,0.05,2275.25,1464.42,810.83,Wholesale
SO001161,2025-07-15,Linda Davis,Dubai,Computing,Office Chair,3,183,0.15,466.65,263.27,203.38,Retail
SO001162,2022-09-08,Linda Johnson,Abuja,Electronics,Keyboard,2,1363,0.15,2317.1,1722.99,594.11,Retail
SO001163,2022-10-18,Daniel Ibrahim,Johannesburg,Computing,Laptop,3,1756,0,5268,4029.2,1238.8,Wholesale
SO001164,2025-04-15,John Musa,Abuja,Office,Router,7,608,0,4256,3100.21,1155.79,Retail
SO001165,2022-05-19,Joseph Anderson,Port Harcourt,Office,Headphones,4,334,0,1336,935.16,400.84,Wholesale
SO001166,2025-04-15,Aisha Thomas,London,Computing,Tablet,7,1252,0,8764,5531.26,3232.74,Online
SO001167,2025-02-22,Ada Ogunleye,Johannesburg,Mobile,Power Bank,2,1024,0.2,1638.4,1041.79,596.61,Online
SO001168,2024-06-05,William Ogunleye,Accra,Computing,USB Hub,7,323,0.2,1808.8,1354.06,454.74,Wholesale
SO001169,2023-06-30,Fatima Anderson,Accra,Mobile,Monitor,2,406,0.05,771.4,562.1,209.3,Retail
SO001170,2023-01-13,Patricia Musa,Accra,Computing,Power Bank,4,456,0.15,1550.4,1020.87,529.53,Retail
SO001171,2025-11-08,Sarah Mensah,Toronto,Mobile,Printer,8,1333,0,10664,7301.53,3362.47,Wholesale
SO001172,2023-07-30,Mary Okoye,Toronto,Computing,Smartphone,5,1553,0.1,6988.5,4960.95,2027.55,Retail
SO001173,2025-03-02,Karen Bello,Accra,Office,Mouse,3,1131,0,3393,2355.36,1037.64,Retail
SO001174,2024-08-25,David Johnson,Kano,Mobile,Mouse,7,502,0.05,3338.3,2044.94,1293.36,Online
SO001175,2024-09-05,Ibrahim Ibrahim,Johannesburg,Computing,Keyboard,6,217,0.2,1041.6,663.59,378.01,Retail
SO001176,2024-08-26,Ada Ogunleye,Johannesburg,Electronics,Headphones,6,1178,0,7068,4849.25,2218.75,Retail
SO001177,2023-02-15,David Jones,Nairobi,Office,Headphones,3,227,0,681,385.9,295.1,Online
SO001178,2024-11-24,Fatima Bello,Kano,Accessories,Laptop,6,1180,0,7080,4114.44,2965.56,Online
SO001179,2025-08-17,Linda Miller,Benin City,Electronics,USB Hub,5,1668,0.2,6672.0,4097.15,2574.85,Online
SO001180,2022-08-25,Chinedu Ibrahim,Abuja,Accessories,External SSD,5,1366,0,6830,5034.62,1795.38,Wholesale
SO001181,2023-08-09,Charles Adebayo,London,Mobile,Desk,4,1179,0.15,4008.6,2778.39,1230.21,Wholesale
SO001182,2023-01-05,Chinedu Ibrahim,Enugu,Mobile,Webcam,1,1349,0,1349,1013.45,335.55,Retail
SO001183,2023-08-25,David Ibrahim,New York,Office,Webcam,7,1061,0.15,6312.95,3518.98,2793.97,Retail
SO001184,2025-10-25,Emeka Smith,New York,Accessories,Smartphone,2,196,0.2,313.6,191.42,122.18,Wholesale
SO001185,2024-01-21,David Davis,Cape Town,Mobile,Laptop,3,1242,0,3726,2721.15,1004.85,Retail
SO001186,2025-09-05,Michael Adeyemi,Dubai,Computing,Keyboard,3,1357,0.15,3460.35,2549.51,910.84,Wholesale
SO001187,2024-12-16,Tunde Davis,Port Harcourt,Computing,Desk,5,45,0.1,202.5,117.02,85.48,Retail
SO001188,2024-05-22,Thomas Williams,Abuja,Electronics,External SSD,4,628,0.2,2009.6,1240.75,768.85,Wholesale
SO001189,2023-10-10,Aisha Wilson,Nairobi,Office,Printer,5,55,0,275,175.99,99.01,Wholesale
SO001190,2023-02-15,Joseph Okafor,Toronto,Electronics,Office Chair,3,643,0.05,1832.55,1045.14,787.41,Wholesale
SO001191,2023-01-27,David Thomas,London,Office,Laptop,8,1182,0,9456,6663.97,2792.03,Retail
SO001192,2025-07-12,Jessica Thomas,Nairobi,Office,Monitor,3,453,0,1359,1004.7,354.3,Retail
SO001193,2025-09-29,Elizabeth Smith,Toronto,Mobile,Router,2,1474,0,2948,1917.39,1030.61,Online
SO001194,2025-06-23,William Jones,Enugu,Accessories,Laptop,3,717,0.1,1935.9,1230.11,705.79,Wholesale
SO001195,2024-06-04,Fatima Jones,Enugu,Electronics,Monitor,2,1341,0,2682,1911.64,770.36,Wholesale
SO001196,2023-12-09,James Mensah,London,Accessories,Laptop,6,389,0.05,2217.3,1308.15,909.15,Wholesale
SO001197,2024-05-24,Aisha Jones,Nairobi,Electronics,USB Hub,1,968,0.15,822.8,609.61,213.19,Wholesale
SO001198,2023-10-09,Michael Miller,New York,Accessories,Headphones,3,463,0.1,1250.1,842.1,408.0,Online
SO001199,2025-01-15,Ada Okoye,Lagos,Office,Monitor,6,185,0,1110,729.22,380.78,Wholesale
SO001200,2022-04-21,Mary Davis,London,Electronics,Tablet,2,629,0.1,1132.2,625.69,506.51,Retail
SO001201,2025-07-17,Tunde Adeyemi,Enugu,Electronics,Mouse,4,1371,0,5484,3756.11,1727.89,Retail
SO001202,2023-06-03,Patricia Eze,Toronto,Mobile,Mouse,3,322,0.05,917.7,525.71,391.99,Retail
SO001203,2023-05-21,Thomas Davis,Lagos,Electronics,Tablet,6,994,0.1,5367.6,4178.07,1189.53,Retail
SO001204,2022-07-31,Barbara Anderson,Benin City,Computing,Office Chair,7,705,0.2,3948.0,2780.53,1167.47,Wholesale
SO001205,2023-05-12,Barbara Bello,Cape Town,Accessories,Power Bank,5,574,0.2,2296.0,1607.94,688.06,Retail
SO001206,2023-06-05,David Wilson,Enugu,Mobile,Router,4,1171,0.15,3981.4,2511.48,1469.92,Retail
SO001207,2022-07-22,Charles Jones,Ibadan,Office,Power Bank,4,1153,0.1,4150.8,3259.71,891.09,Online
SO001208,2024-05-14,Chinedu Eze,Nairobi,Mobile,Mouse,3,746,0.1,2014.2,1427.31,586.89,Wholesale
SO001209,2023-08-18,Michael Bello,Ibadan,Office,Webcam,1,1313,0.05,1247.35,1016.72,230.63,Wholesale
SO001210,2023-09-14,Mary Adeyemi,Nairobi,Mobile,Webcam,7,323,0,2261,1637.58,623.42,Retail
SO001211,2025-01-22,Fatima Adebayo,Toronto,Mobile,Keyboard,3,184,0,552,304.32,247.68,Online
SO001212,2023-02-12,Ngozi Miller,Toronto,Computing,Webcam,8,1574,0.2,10073.6,7413.01,2660.59,Online
SO001213,2023-01-18,Joseph Wilson,Abuja,Accessories,USB Hub,8,1009,0.2,6457.6,3779.25,2678.35,Retail
SO001214,2023-05-06,Patricia Ogunleye,Ibadan,Accessories,Desk,8,331,0.2,2118.4,1535.29,583.11,Online
SO001215,2022-12-12,Jennifer Ogunleye,Kano,Accessories,Power Bank,7,1795,0,12565,7718.11,4846.89,Retail
SO001216,2022-10-21,Robert Anderson,Ibadan,Accessories,Router,4,93,0.05,353.4,267.83,85.57,Wholesale
SO001217,2024-06-22,Barbara Musa,Kano,Electronics,Headphones,4,1017,0.2,3254.4,1865.29,1389.11,Online
SO001218,2024-06-24,Charles Okoye,Accra,Computing,Printer,8,1584,0.2,10137.6,7978.49,2159.11,Online
SO001219,2024-02-04,Tunde Eze,London,Computing,Router,1,586,0.2,468.8,381.48,87.32,Online
SO001220,2023-01-30,Fatima Bello,London,Office,USB Hub,2,40,0.05,76.0,60.67,15.33,Wholesale
SO001221,2022-06-04,Sarah Ogunleye,Lagos,Electronics,Monitor,1,140,0.1,126.0,94.21,31.79,Retail
SO001222,2023-04-18,Jessica Williams,London,Computing,Tablet,4,305,0.15,1037.0,654.74,382.26,Online
SO001223,2025-10-04,Emeka Ogunleye,Enugu,Mobile,USB Hub,3,755,0.15,1925.25,1503.35,421.9,Online
SO001224,2024-12-02,Karen Jones,Accra,Mobile,Printer,5,1398,0,6990,5429.51,1560.49,Wholesale
SO001225,2023-10-02,Aisha Okoye,Benin City,Mobile,Printer,1,216,0.2,172.8,98.54,74.26,Online
SO001226,2024-03-12,Chinedu Smith,Nairobi,Electronics,Power Bank,4,1012,0.15,3440.8,2571.54,869.26,Retail
SO001227,2024-06-02,Ngozi Brown,London,Electronics,Webcam,1,664,0.05,630.8,368.75,262.05,Retail
SO001228,2023-10-24,Patricia Adebayo,Kano,Electronics,Tablet,6,241,0,1446,854.73,591.27,Wholesale
SO001229,2023-06-22,Ada Eze,Accra,Mobile,Headphones,5,354,0,1770,1000.18,769.82,Wholesale
SO001230,2023-11-29,Jennifer Bello,Kano,Accessories,External SSD,5,299,0,1495,1120.88,374.12,Wholesale
SO001231,2022-11-13,David Smith,Port Harcourt,Electronics,Mouse,3,679,0.05,1935.15,1566.18,368.97,Retail
SO001232,2023-11-21,Yusuf Adeyemi,Ibadan,Computing,Headphones,5,908,0.15,3859.0,2254.17,1604.83,Wholesale
SO001233,2024-04-23,Daniel Bello,New York,Electronics,Mouse,8,115,0,920,721.69,198.31,Online
SO001234,2024-10-11,James Eze,Dubai,Computing,External SSD,8,336,0,2688,1494.43,1193.57,Online
SO001235,2023-07-22,Blessing Adebayo,Johannesburg,Office,Office Chair,7,339,0.05,2254.35,1703.6,550.75,Retail
SO001236,2022-12-09,Barbara Jones,Dubai,Office,Tablet,4,1520,0.05,5776.0,3821.15,1954.85,Wholesale
SO001237,2023-06-22,William Anderson,Toronto,Computing,External SSD,4,1787,0.1,6433.2,3864.83,2568.37,Retail
SO001238,2024-12-04,Charles Musa,Dubai,Office,Router,4,937,0.15,3185.8,2387.13,798.67,Online
SO001239,2024-07-27,Emeka Ogunleye,London,Computing,Webcam,8,338,0,2704,1978.8,725.2,Retail
SO001240,2023-03-05,Joseph Adebayo,Enugu,Computing,Monitor,3,441,0.15,1124.55,748.94,375.61,Wholesale
SO001241,2025-01-08,Sarah Williams,Abuja,Mobile,Router,3,608,0.15,1550.4,977.28,573.12,Retail
SO001242,2024-08-30,Blessing Smith,Kano,Mobile,Mouse,1,549,0,549,442.34,106.66,Retail
SO001243,2022-07-23,Ibrahim Thomas,Abuja,Electronics,Desk,2,1725,0,3450,2671.68,778.32,Retail
SO001244,2022-08-13,Jessica Anderson,New York,Mobile,USB Hub,5,936,0,4680,3703.63,976.37,Wholesale
SO001245,2023-01-24,Sarah Wilson,Enugu,Accessories,Desk,6,120,0.1,648.0,363.59,284.41,Wholesale
SO001246,2025-02-05,John Miller,London,Electronics,Monitor,2,777,0,1554,1077.35,476.65,Wholesale
SO001247,2022-05-31,Thomas Smith,Dubai,Accessories,Headphones,5,245,0.05,1163.75,943.69,220.06,Online
SO001248,2023-09-21,Mary Williams,New York,Electronics,Mouse,2,110,0,220,145.7,74.3,Retail
SO001249,2023-06-09,Ngozi Okafor,Johannesburg,Computing,Mouse,3,1418,0.1,3828.6,2174.47,1654.13,Retail
SO001250,2023-05-21,Thomas Bello,Benin City,Accessories,Keyboard,3,153,0.05,436.05,290.87,145.18,Online
SO001251,2022-01-16,Jessica Brown,Benin City,Electronics,Laptop,2,1547,0,3094,2268.71,825.29,Online
SO001252,2022-09-29,Ngozi Adebayo,Ibadan,Office,Office Chair,3,1568,0.15,3998.4,2500.37,1498.03,Online
SO001253,2024-07-26,Elizabeth Thomas,Benin City,Office,Smartphone,2,1795,0.2,2872.0,1942.8,929.2,Retail
SO001254,2023-05-15,Chinedu Ibrahim,Lagos,Accessories,Webcam,4,93,0.2,297.6,242.39,55.21,Retail
SO001255,2023-08-24,Emeka Okafor,Ibadan,Computing,Desk,7,385,0.1,2425.5,1772.4,653.1,Retail
SO001256,2025-02-26,Susan Okafor,Toronto,Electronics,USB Hub,8,1606,0.2,10278.4,5828.35,4450.05,Wholesale
SO001257,2025-07-09,Daniel Thomas,Accra,Office,Headphones,7,718,0.1,4523.4,3626.37,897.03,Retail
SO001258,2024-05-30,Sarah Davis,Nairobi,Mobile,Webcam,5,1764,0.15,7497.0,4909.01,2587.99,Retail
SO001259,2022-01-31,Jessica Anderson,Dubai,Computing,Keyboard,6,846,0.15,4314.6,2438.42,1876.18,Wholesale
SO001260,2022-03-28,Aisha Johnson,Enugu,Computing,Office Chair,4,1739,0.05,6608.2,4713.25,1894.95,Wholesale
SO001261,2022-02-12,Jessica Smith,Port Harcourt,Computing,Headphones,6,267,0.15,1361.7,950.77,410.93,Retail
SO001262,2024-07-01,James Thomas,Enugu,Office,Printer,7,1509,0.2,8450.4,5317.22,3133.18,Retail
SO001263,2024-04-29,Chinedu Wilson,Benin City,Office,Monitor,2,656,0.1,1180.8,665.86,514.94,Online
SO001264,2023-12-27,Karen Eze,Abuja,Accessories,Power Bank,8,474,0.15,3223.2,2455.76,767.44,Online
SO001265,2023-02-01,Patricia Adebayo,London,Accessories,USB Hub,2,665,0,1330,974.09,355.91,Retail
SO001266,2022-08-01,Robert Wilson,Nairobi,Accessories,Headphones,7,1221,0.2,6837.6,4161.63,2675.97,Wholesale
SO001267,2024-09-19,Robert Ogunleye,London,Accessories,Power Bank,8,1321,0.15,8982.8,5622.81,3359.99,Retail
SO001268,2022-04-04,Yusuf Brown,Dubai,Electronics,Smartphone,2,1438,0,2876,2257.37,618.63,Retail
SO001269,2022-12-19,David Okoye,Ibadan,Computing,Laptop,2,889,0.05,1689.1,1073.43,615.67,Online
SO001270,2025-01-13,Ngozi Thomas,Abuja,Computing,Keyboard,7,193,0.2,1080.8,724.28,356.52,Retail
SO001271,2024-07-23,Emeka Miller,Johannesburg,Computing,Desk,2,1354,0,2708,1776.1,931.9,Retail
SO001272,2025-02-06,Susan Brown,Lagos,Accessories,Smartphone,3,1736,0.2,4166.4,2327.32,1839.08,Online
SO001273,2022-08-18,Michael Ogunleye,Benin City,Mobile,Tablet,1,1494,0.05,1419.3,838.42,580.88,Online
SO001274,2022-01-05,Charles Thomas,Kano,Mobile,Smartphone,1,917,0.15,779.45,586.69,192.76,Wholesale
SO001275,2023-11-26,Blessing Adebayo,Benin City,Accessories,Office Chair,5,213,0,1065,790.35,274.65,Wholesale
SO001276,2023-01-25,Chinedu Mensah,London,Electronics,External SSD,7,1229,0,8603,6404.32,2198.68,Wholesale
SO001277,2024-07-30,Sarah Wilson,New York,Accessories,Headphones,2,1404,0.05,2667.6,1782.97,884.63,Wholesale
SO001278,2025-10-02,Ibrahim Ibrahim,New York,Computing,Laptop,5,1069,0.05,5077.75,3127.73,1950.02,Retail
SO001279,2023-08-24,Robert Johnson,Abuja,Electronics,Webcam,6,766,0,4596,3187.91,1408.09,Retail
SO001280,2023-06-27,Joseph Miller,Nairobi,Office,Tablet,8,190,0,1520,1121.11,398.89,Online
SO001281,2025-07-01,John Mensah,Nairobi,Mobile,USB Hub,2,540,0,1080,644.89,435.11,Retail
SO001282,2023-08-08,Charles Brown,Nairobi,Office,Tablet,5,399,0.05,1895.25,1428.37,466.88,Retail
SO001283,2024-03-16,John Okafor,Benin City,Electronics,Desk,5,1060,0.15,4505.0,2997.37,1507.63,Retail
SO001284,2023-08-13,Linda Adebayo,Ibadan,Electronics,Power Bank,6,1770,0.05,10089.0,6675.44,3413.56,Online
SO001285,2022-09-25,Patricia Adebayo,New York,Mobile,Headphones,6,1587,0.15,8093.7,5236.29,2857.41,Wholesale
SO001286,2024-05-28,Blessing Anderson,Dubai,Mobile,Mouse,1,359,0,359,205.82,153.18,Online
SO001287,2022-08-18,Barbara Thomas,Toronto,Computing,Headphones,7,696,0.15,4141.2,2439.26,1701.94,Online
SO001288,2023-10-16,Mary Miller,Benin City,Computing,Power Bank,1,963,0,963,539.95,423.05,Online
SO001289,2022-03-06,Robert Davis,Abuja,Mobile,Webcam,3,841,0.1,2270.7,1481.69,789.01,Online
SO001290,2022-03-27,Emeka Jones,London,Electronics,Laptop,5,1779,0.05,8450.25,5182.56,3267.69,Retail
SO001291,2024-05-14,Linda Mensah,London,Electronics,Office Chair,1,1042,0.2,833.6,480.39,353.21,Retail
SO001292,2025-08-09,Mary Jones,Johannesburg,Electronics,External SSD,2,612,0.15,1040.4,765.91,274.49,Online
SO001293,2023-07-06,Barbara Brown,Lagos,Office,External SSD,1,353,0.15,300.05,213.74,86.31,Retail
SO001294,2023-05-27,Blessing Jones,Enugu,Accessories,Power Bank,8,907,0.1,6530.4,5304.63,1225.77,Retail
SO001295,2023-07-30,Aisha Anderson,Ibadan,Accessories,Keyboard,5,380,0.05,1805.0,1218.06,586.94,Online
SO001296,2022-09-11,Ngozi Johnson,Toronto,Electronics,Printer,5,136,0,680,418.57,261.43,Online
SO001297,2025-11-23,Fatima Anderson,Enugu,Electronics,USB Hub,8,1380,0.05,10488.0,6385.43,4102.57,Online
SO001298,2023-07-02,Mary Adeyemi,Benin City,Electronics,Printer,6,1250,0.1,6750.0,5534.15,1215.85,Wholesale
SO001299,2023-10-28,Joseph Wilson,Benin City,Accessories,Office Chair,6,654,0.05,3727.8,2154.79,1573.01,Retail
SO001300,2025-10-14,Aisha Okafor,Ibadan,Office,Headphones,7,789,0.05,5246.85,4032.29,1214.56,Wholesale
SO001301,2025-09-15,Fatima Thomas,Cape Town,Computing,Tablet,5,62,0.15,263.5,171.34,92.16,Retail
SO001302,2025-05-28,John Bello,Port Harcourt,Electronics,Office Chair,4,1000,0.05,3800.0,2513.33,1286.67,Retail
SO001303,2022-09-03,Daniel Smith,Abuja,Office,Keyboard,5,1087,0.1,4891.5,3780.51,1110.99,Wholesale
SO001304,2025-06-27,Jennifer Wilson,Nairobi,Accessories,Headphones,5,799,0.15,3395.75,2177.95,1217.8,Online
SO001305,2025-10-03,Mary Smith,Lagos,Computing,Router,3,1671,0,5013,3985.15,1027.85,Retail
SO001306,2023-03-02,Daniel Jones,London,Office,External SSD,5,1173,0,5865,4475.05,1389.95,Online
SO001307,2024-11-03,Elizabeth Musa,Lagos,Mobile,Office Chair,7,991,0.2,5549.6,3548.12,2001.48,Retail
SO001308,2024-07-25,Yusuf Musa,Benin City,Mobile,Printer,4,493,0.2,1577.6,1000.1,577.5,Wholesale
SO001309,2023-03-13,Yusuf Eze,Kano,Computing,Monitor,7,312,0.05,2074.8,1579.79,495.01,Wholesale
SO001310,2025-04-15,James Eze,Accra,Accessories,External SSD,6,1071,0.1,5783.4,4156.98,1626.42,Retail
SO001311,2025-03-12,William Adebayo,Accra,Office,USB Hub,4,1229,0,4916,3237.69,1678.31,Online
SO001312,2024-04-12,David Eze,London,Mobile,Printer,7,683,0,4781,3000.08,1780.92,Retail
SO001313,2023-09-19,Daniel Okafor,Port Harcourt,Electronics,External SSD,6,52,0,312,186.98,125.02,Online
SO001314,2022-01-12,Charles Anderson,Lagos,Computing,Power Bank,2,1506,0.05,2861.4,2266.86,594.54,Retail
SO001315,2022-02-13,Jennifer Thomas,Dubai,Accessories,Desk,2,1038,0,2076,1538.09,537.91,Wholesale
SO001316,2023-06-07,Karen Miller,Toronto,Computing,USB Hub,2,1427,0,2854,2035.48,818.52,Wholesale
SO001317,2025-05-21,Aisha Davis,Nairobi,Electronics,External SSD,8,1337,0.2,8556.8,4874.2,3682.6,Retail
SO001318,2025-10-22,Emeka Thomas,Abuja,Computing,Laptop,8,100,0,800,596.98,203.02,Online
SO001319,2023-06-02,Michael Williams,Accra,Computing,Office Chair,8,1011,0.1,7279.2,4686.56,2592.64,Wholesale
SO001320,2025-07-13,Chinedu Brown,Cape Town,Mobile,Desk,2,959,0.2,1534.4,981.92,552.48,Retail
SO001321,2022-10-17,Karen Okafor,Cape Town,Computing,Smartphone,2,1682,0.1,3027.6,2099.09,928.51,Online
SO001322,2022-03-29,Thomas Wilson,Ibadan,Computing,Mouse,5,247,0.15,1049.75,859.46,190.29,Wholesale
SO001323,2023-05-13,William Eze,Abuja,Mobile,Webcam,4,185,0.1,666.0,508.41,157.59,Retail
SO001324,2024-05-17,Jessica Davis,Benin City,Electronics,USB Hub,7,323,0.2,1808.8,1236.76,572.04,Retail
SO001325,2022-04-02,Susan Brown,Kano,Office,Office Chair,3,1162,0.1,3137.4,2061.91,1075.49,Wholesale
SO001326,2025-04-12,Elizabeth Jones,Port Harcourt,Mobile,Power Bank,2,1776,0,3552,1955.71,1596.29,Wholesale
SO001327,2025-10-10,Tunde Ogunleye,Toronto,Electronics,External SSD,3,69,0.2,165.6,113.55,52.05,Online
SO001328,2023-03-18,Patricia Bello,Port Harcourt,Mobile,Tablet,8,1350,0.05,10260.0,7252.43,3007.57,Wholesale
SO001329,2025-11-19,Ibrahim Johnson,Johannesburg,Mobile,Webcam,8,1315,0.2,8416.0,5012.43,3403.57,Wholesale
SO001330,2025-11-18,Ada Miller,Toronto,Electronics,Office Chair,8,80,0.2,512.0,327.09,184.91,Retail
SO001331,2023-05-14,Ngozi Smith,Benin City,Electronics,Office Chair,6,1233,0.05,7028.1,4076.07,2952.03,Retail
SO001332,2023-04-06,Linda Johnson,New York,Electronics,Smartphone,2,184,0.15,312.8,246.03,66.77,Online
SO001333,2025-08-14,Ngozi Ibrahim,London,Electronics,Headphones,5,409,0.05,1942.75,1478.61,464.14,Wholesale
SO001334,2025-12-21,Yusuf Adebayo,Abuja,Accessories,Printer,2,1390,0.2,2224.0,1597.83,626.17,Retail
SO001335,2023-11-11,Emeka Bello,Benin City,Computing,Monitor,8,1750,0.2,11200.0,7063.34,4136.66,Wholesale
SO001336,2025-10-02,Daniel Wilson,Abuja,Accessories,Smartphone,1,762,0.05,723.9,510.99,212.91,Online
SO001337,2022-12-04,John Ibrahim,Johannesburg,Office,Desk,6,448,0.15,2284.8,1612.71,672.09,Wholesale
SO001338,2024-07-21,William Davis,Benin City,Computing,Power Bank,6,420,0,2520,1529.83,990.17,Retail
SO001339,2025-04-30,Tunde Thomas,Dubai,Computing,Headphones,6,1143,0,6858,4193.17,2664.83,Retail
SO001340,2023-04-29,Ibrahim Adeyemi,Cape Town,Office,Office Chair,3,927,0,2781,1862.16,918.84,Wholesale
SO001341,2022-03-25,Aisha Bello,Enugu,Accessories,Headphones,2,1155,0.2,1848.0,1411.93,436.07,Retail
SO001342,2023-03-05,Charles Anderson,Enugu,Accessories,Mouse,2,1516,0.15,2577.2,1876.92,700.28,Online
SO001343,2023-09-06,Tunde Williams,New York,Mobile,Keyboard,4,1705,0,6820,4078.51,2741.49,Wholesale
SO001344,2023-08-09,Blessing Thomas,Toronto,Office,Keyboard,7,195,0.1,1228.5,952.4,276.1,Retail
SO001345,2024-05-23,William Johnson,Accra,Electronics,External SSD,3,1104,0,3312,2082.62,1229.38,Retail
SO001346,2023-04-25,Karen Davis,London,Electronics,USB Hub,5,867,0.15,3684.75,2583.43,1101.32,Wholesale
SO001347,2022-06-22,Michael Okoye,London,Accessories,Mouse,6,1037,0.15,5288.7,3021.93,2266.77,Online
SO001348,2025-08-07,Joseph Johnson,Dubai,Mobile,Printer,3,745,0,2235,1438.45,796.55,Online
SO001349,2025-01-20,Aisha Eze,Kano,Electronics,Smartphone,3,985,0.2,2364.0,1409.65,954.35,Online
SO001350,2025-01-22,Joseph Johnson,London,Electronics,Headphones,6,704,0.2,3379.2,1991.66,1387.54,Wholesale
SO001351,2024-11-20,Daniel Eze,Kano,Mobile,Office Chair,8,985,0.2,6304.0,3709.44,2594.56,Online
SO001352,2024-04-29,Mary Williams,Kano,Office,Office Chair,5,375,0.15,1593.75,1188.86,404.89,Retail
SO001353,2024-07-06,Karen Ogunleye,Johannesburg,Computing,Office Chair,8,600,0,4800,3592.37,1207.63,Retail
SO001354,2025-06-02,Jessica Brown,Kano,Mobile,Tablet,4,311,0.15,1057.4,750.27,307.13,Retail
SO001355,2023-10-03,Linda Johnson,Port Harcourt,Electronics,Mouse,1,1693,0,1693,1139.94,553.06,Wholesale
SO001356,2023-02-03,Tunde Wilson,Enugu,Mobile,Desk,5,423,0.2,1692.0,1088.92,603.08,Wholesale
SO001357,2025-05-28,Ibrahim Anderson,Dubai,Accessories,Tablet,4,1469,0.05,5582.2,4109.75,1472.45,Retail
SO001358,2025-05-22,Ngozi Anderson,Enugu,Office,Tablet,2,315,0.15,535.5,427.61,107.89,Retail
SO001359,2024-03-06,Charles Ibrahim,New York,Electronics,Keyboard,3,1057,0.2,2536.8,1818.96,717.84,Wholesale
SO001360,2022-10-26,Daniel Miller,Johannesburg,Electronics,Power Bank,6,604,0,3624,2169.48,1454.52,Wholesale
SO001361,2022-09-25,Barbara Bello,Abuja,Electronics,Keyboard,5,1075,0.05,5106.25,3205.4,1900.85,Online
SO001362,2023-06-11,Ada Wilson,Cape Town,Electronics,Printer,1,1351,0,1351,776.06,574.94,Retail
SO001363,2025-03-13,Charles Musa,Dubai,Accessories,Headphones,7,1502,0.1,9462.6,5369.73,4092.87,Wholesale
SO001364,2023-12-01,Tunde Ibrahim,Accra,Electronics,Keyboard,1,875,0,875,511.62,363.38,Online
SO001365,2023-06-16,Mary Thomas,Cape Town,Accessories,Printer,5,584,0.2,2336.0,1849.65,486.35,Retail
SO001366,2025-04-15,Blessing Williams,Johannesburg,Mobile,Tablet,7,739,0.05,4914.35,3985.17,929.18,Retail
SO001367,2025-03-05,Tunde Davis,Abuja,Office,Laptop,3,201,0,603,480.74,122.26,Retail
SO001368,2023-01-01,Thomas Mensah,Enugu,Accessories,Laptop,5,1388,0.1,6246.0,3590.97,2655.03,Retail
SO001369,2024-02-07,Karen Miller,Cape Town,Office,Monitor,5,257,0.15,1092.25,871.5,220.75,Retail
SO001370,2024-04-30,James Okoye,Kano,Electronics,Monitor,2,203,0.15,345.1,242.38,102.72,Online
SO001371,2023-07-12,Sarah Smith,Cape Town,Electronics,Power Bank,3,846,0,2538,1611.78,926.22,Wholesale
SO001372,2023-05-10,Charles Mensah,Johannesburg,Computing,Printer,5,1310,0.05,6222.5,4166.42,2056.08,Wholesale
SO001373,2024-05-17,James Miller,New York,Office,External SSD,4,1548,0.1,5572.8,3603.29,1969.51,Retail
SO001374,2025-02-05,Fatima Thomas,Nairobi,Mobile,Headphones,7,1350,0,9450,5754.63,3695.37,Retail
SO001375,2022-03-10,Fatima Anderson,Kano,Computing,Office Chair,5,1193,0.15,5070.25,3044.94,2025.31,Retail
SO001376,2022-07-23,Ibrahim Williams,Johannesburg,Office,Office Chair,1,291,0.1,261.9,165.93,95.97,Retail
SO001377,2023-02-17,Tunde Okafor,London,Electronics,Keyboard,7,1583,0,11081,7912.26,3168.74,Retail
SO001378,2023-12-05,John Okoye,Port Harcourt,Computing,Laptop,8,589,0.15,4005.2,3252.29,752.91,Retail
SO001379,2024-06-29,Barbara Ogunleye,Enugu,Office,Router,3,1622,0.05,4622.7,3122.81,1499.89,Retail
SO001380,2024-08-21,Ada Adebayo,Johannesburg,Computing,Router,2,911,0.2,1457.6,1118.95,338.65,Retail
SO001381,2025-11-02,William Anderson,Lagos,Accessories,External SSD,7,1531,0,10717,7040.99,3676.01,Retail
SO001382,2024-10-05,Elizabeth Mensah,New York,Electronics,Laptop,6,307,0,1842,1345.12,496.88,Wholesale
SO001383,2025-06-06,James Eze,Kano,Accessories,Headphones,7,1555,0,10885,7559.85,3325.15,Wholesale
SO001384,2025-06-11,Ada Anderson,Nairobi,Computing,Smartphone,3,1565,0.2,3756.0,2275.92,1480.08,Retail
SO001385,2024-11-22,Joseph Miller,Abuja,Computing,Printer,4,1256,0,5024,3295.42,1728.58,Wholesale
SO001386,2025-09-04,Elizabeth Adeyemi,Lagos,Office,Office Chair,7,525,0,3675,2186.54,1488.46,Online
SO001387,2024-05-05,David Anderson,Accra,Electronics,Webcam,8,1415,0,11320,8539.25,2780.75,Online
SO001388,2025-09-18,Chinedu Wilson,Ibadan,Computing,Tablet,3,1298,0,3894,2335.78,1558.22,Wholesale
SO001389,2022-03-11,Blessing Ogunleye,Kano,Accessories,Keyboard,3,36,0.2,86.4,55.88,30.52,Online
SO001390,2025-10-14,Charles Brown,Ibadan,Accessories,Webcam,8,558,0.05,4240.8,3252.45,988.35,Wholesale
SO001391,2023-05-08,Karen Ibrahim,Nairobi,Computing,Desk,5,1475,0,7375,4284.17,3090.83,Retail
SO001392,2022-03-27,Chinedu Williams,Benin City,Computing,Tablet,1,1330,0.05,1263.5,924.49,339.01,Retail
SO001393,2025-03-25,Jessica Davis,Kano,Mobile,USB Hub,7,1502,0,10514,8536.18,1977.82,Retail
SO001394,2023-03-21,Joseph Johnson,London,Mobile,Router,8,1168,0,9344,6841.23,2502.77,Online
SO001395,2024-03-24,Thomas Smith,London,Office,Office Chair,4,1560,0,6240,4959.69,1280.31,Online
SO001396,2022-04-18,Susan Anderson,Cape Town,Accessories,Keyboard,6,543,0,3258,2480.96,777.04,Wholesale
SO001397,2025-08-21,Sarah Thomas,Kano,Office,Headphones,2,1091,0.2,1745.6,1089.18,656.42,Online
SO001398,2022-06-28,Linda Davis,Toronto,Mobile,Monitor,2,1166,0.05,2215.4,1417.86,797.54,Wholesale
SO001399,2023-07-22,David Eze,Toronto,Computing,Desk,3,870,0.05,2479.5,2011.49,468.01,Wholesale
SO001400,2024-09-15,Yusuf Davis,Port Harcourt,Electronics,Office Chair,2,1428,0.15,2427.6,1581.38,846.22,Online
SO001401,2023-03-13,Ibrahim Musa,Toronto,Accessories,Monitor,3,1575,0.15,4016.25,2980.56,1035.69,Retail
SO001402,2025-08-16,Mary Davis,Abuja,Computing,Office Chair,3,1387,0,4161,3011.3,1149.7,Retail
SO001403,2022-12-27,Robert Bello,Accra,Accessories,Smartphone,5,1533,0.15,6515.25,5308.23,1207.02,Retail
SO001404,2023-01-29,Blessing Thomas,Lagos,Office,Headphones,4,1097,0.15,3729.8,2214.33,1515.47,Retail
SO001405,2023-09-13,James Ogunleye,Benin City,Electronics,Smartphone,7,1543,0.1,9720.9,7513.03,2207.87,Wholesale
SO001406,2023-07-21,Charles Davis,Toronto,Mobile,Webcam,5,1579,0,7895,6068.48,1826.52,Retail
SO001407,2023-01-29,Linda Williams,Cape Town,Computing,Smartphone,5,896,0,4480,3265.41,1214.59,Wholesale
SO001408,2022-01-23,Ibrahim Brown,London,Accessories,External SSD,1,1403,0.2,1122.4,839.34,283.06,Wholesale
SO001409,2023-03-17,Elizabeth Wilson,Nairobi,Office,Tablet,5,1599,0,7995,6037.12,1957.88,Online
SO001410,2025-09-11,Ngozi Adeyemi,Toronto,Accessories,Laptop,4,1759,0.2,5628.8,3392.4,2236.4,Wholesale
SO001411,2024-12-24,Jessica Williams,Cape Town,Office,Monitor,6,721,0.15,3677.1,2680.58,996.52,Wholesale
SO001412,2025-02-03,Thomas Smith,Toronto,Electronics,Keyboard,2,1062,0.1,1911.6,1513.96,397.64,Wholesale
SO001413,2022-10-18,Patricia Jones,Port Harcourt,Computing,Laptop,3,1436,0.05,4092.6,2608.45,1484.15,Wholesale
SO001414,2022-10-19,Linda Williams,Toronto,Accessories,Tablet,7,1270,0,8890,5646.14,3243.86,Wholesale
SO001415,2022-04-02,Tunde Thomas,Benin City,Computing,Laptop,2,494,0.05,938.6,762.6,176.0,Wholesale
SO001416,2022-10-30,Thomas Brown,Benin City,Mobile,Smartphone,1,950,0.05,902.5,671.24,231.26,Online
SO001417,2025-10-10,William Okafor,Accra,Office,Desk,4,996,0,3984,3235.81,748.19,Wholesale
SO001418,2024-05-12,Chinedu Smith,Abuja,Accessories,Tablet,5,1120,0.15,4760.0,3060.31,1699.69,Retail
SO001419,2024-12-09,Joseph Ibrahim,Abuja,Computing,Headphones,7,615,0.05,4089.75,2621.97,1467.78,Online
SO001420,2025-03-28,Daniel Jones,Enugu,Electronics,Router,7,1754,0,12278,7594.12,4683.88,Retail
SO001421,2025-06-18,Michael Miller,New York,Electronics,External SSD,6,1512,0.1,8164.8,5844.17,2320.63,Retail
SO001422,2022-05-14,Robert Okafor,Benin City,Office,Laptop,2,703,0.05,1335.7,737.43,598.27,Wholesale
SO001423,2025-10-18,William Anderson,Enugu,Accessories,Mouse,3,950,0.15,2422.5,1558.1,864.4,Wholesale
SO001424,2023-07-08,Tunde Mensah,Toronto,Computing,Headphones,4,1066,0.1,3837.6,3032.87,804.73,Online
SO001425,2025-07-30,Aisha Ogunleye,London,Electronics,Mouse,3,1388,0.1,3747.6,2224.55,1523.05,Wholesale
SO001426,2023-05-24,Robert Ogunleye,Johannesburg,Mobile,Desk,1,180,0,180,120.42,59.58,Wholesale
SO001427,2022-09-15,James Ogunleye,Dubai,Electronics,Router,1,615,0.1,553.5,325.21,228.29,Wholesale
SO001428,2022-01-12,Charles Eze,Port Harcourt,Office,Webcam,2,1492,0,2984,1900.04,1083.96,Wholesale
SO001429,2022-05-13,Emeka Williams,London,Accessories,Tablet,6,612,0.2,2937.6,1867.26,1070.34,Retail
SO001430,2023-12-27,Aisha Brown,Benin City,Accessories,Tablet,5,1268,0.1,5706.0,4517.87,1188.13,Wholesale
SO001431,2023-07-17,Ngozi Miller,Toronto,Computing,Monitor,8,816,0.05,6201.6,4400.33,1801.27,Wholesale
SO001432,2025-05-19,Ibrahim Jones,Johannesburg,Electronics,Monitor,5,761,0,3805,2551.49,1253.51,Wholesale
SO001433,2025-10-21,Patricia Okoye,Johannesburg,Computing,Tablet,8,863,0.05,6558.8,5197.69,1361.11,Online
SO001434,2022-10-28,Tunde Brown,London,Electronics,Mouse,7,265,0.05,1762.25,1067.67,694.58,Wholesale
SO001435,2025-09-13,Jennifer Eze,Nairobi,Electronics,Tablet,4,179,0.1,644.4,506.49,137.91,Wholesale
SO001436,2024-06-20,Susan Okafor,New York,Accessories,Printer,5,499,0.05,2370.25,1453.28,916.97,Wholesale
SO001437,2022-10-26,Robert Eze,Nairobi,Computing,Laptop,7,371,0.05,2467.15,1863.12,604.03,Online
SO001438,2023-04-21,Linda Mensah,Johannesburg,Accessories,Office Chair,6,1092,0.15,5569.2,4029.23,1539.97,Online
SO001439,2022-11-12,Emeka Williams,Dubai,Accessories,Tablet,6,101,0.2,484.8,324.38,160.42,Online
SO001440,2025-04-20,Ibrahim Bello,Accra,Electronics,Webcam,5,473,0.05,2246.75,1515.32,731.43,Online
SO001441,2024-06-23,Ngozi Okoye,Cape Town,Office,Smartphone,7,350,0,2450,1950.28,499.72,Wholesale
SO001442,2022-08-12,Joseph Williams,London,Electronics,Smartphone,5,1203,0.1,5413.5,3466.85,1946.65,Retail
SO001443,2024-12-03,Jessica Williams,London,Computing,Mouse,6,142,0,852,567.17,284.83,Wholesale
SO001444,2024-10-30,Tunde Adebayo,Lagos,Accessories,USB Hub,3,788,0.2,1891.2,1308.3,582.9,Wholesale
SO001445,2025-03-05,David Okafor,Port Harcourt,Computing,Printer,2,98,0.15,166.6,120.06,46.54,Online
SO001446,2024-03-22,Jessica Wilson,Nairobi,Office,Headphones,4,1743,0.05,6623.4,4720.24,1903.16,Retail
SO001447,2022-04-19,Jessica Williams,Nairobi,Computing,Office Chair,8,313,0.15,2128.4,1448.09,680.31,Wholesale
SO001448,2023-02-23,John Williams,Kano,Electronics,External SSD,8,424,0.2,2713.6,1577.42,1136.18,Retail
SO001449,2025-02-23,Ibrahim Johnson,Johannesburg,Accessories,Tablet,5,1387,0.2,5548.0,3088.43,2459.57,Wholesale
SO001450,2023-05-22,Sarah Thomas,Cape Town,Office,Keyboard,1,319,0.05,303.05,202.25,100.8,Online
SO001451,2023-05-25,Joseph Smith,Port Harcourt,Mobile,Tablet,2,1027,0,2054,1166.06,887.94,Retail
SO001452,2023-04-15,Barbara Anderson,Kano,Mobile,Printer,3,1618,0.2,3883.2,3127.64,755.56,Retail
SO001453,2022-08-06,Jennifer Ibrahim,Lagos,Mobile,Webcam,2,555,0.05,1054.5,722.43,332.07,Online
SO001454,2025-10-02,Jennifer Bello,Benin City,Office,USB Hub,2,886,0.2,1417.6,896.51,521.09,Online
SO001455,2023-08-28,Ada Davis,Toronto,Accessories,Keyboard,2,1343,0.2,2148.8,1552.65,596.15,Online
SO001456,2024-06-07,Robert Okafor,Johannesburg,Electronics,Power Bank,2,459,0.2,734.4,601.11,133.29,Online
SO001457,2022-02-27,Susan Wilson,New York,Electronics,Router,4,752,0,3008,2102.66,905.34,Retail
SO001458,2024-04-04,Tunde Davis,Lagos,Mobile,Power Bank,5,555,0,2775,2065.84,709.16,Retail
SO001459,2025-03-06,Emeka Okafor,New York,Accessories,USB Hub,2,223,0.15,379.1,307.64,71.46,Retail
SO001460,2022-10-31,Sarah Wilson,Johannesburg,Office,USB Hub,2,539,0.1,970.2,586.48,383.72,Online
SO001461,2023-10-19,Ngozi Anderson,New York,Computing,Monitor,1,1095,0,1095,883.03,211.97,Online
SO001462,2023-12-27,Karen Ibrahim,Nairobi,Electronics,Tablet,7,1450,0.2,8120.0,6363.15,1756.85,Online
SO001463,2022-04-26,Michael Adebayo,Toronto,Accessories,Tablet,4,1589,0,6356,3800.84,2555.16,Online
SO001464,2023-04-09,Susan Davis,Lagos,Accessories,Keyboard,5,58,0.2,232.0,178.77,53.23,Online
SO001465,2023-06-18,Sarah Jones,Lagos,Office,Tablet,2,1142,0.2,1827.2,1302.36,524.84,Wholesale
SO001466,2023-07-08,Barbara Eze,Benin City,Electronics,Webcam,8,766,0.1,5515.2,3122.28,2392.92,Online
SO001467,2025-01-11,Charles Ibrahim,Enugu,Electronics,Webcam,3,1561,0.2,3746.4,2400.49,1345.91,Online
SO001468,2024-11-10,Jessica Okafor,Benin City,Electronics,Router,5,1695,0,8475,4895.55,3579.45,Online
SO001469,2023-08-27,Emeka Thomas,Abuja,Computing,Power Bank,4,1634,0,6536,5332.69,1203.31,Retail
SO001470,2024-12-09,Patricia Okoye,Toronto,Office,Webcam,4,1458,0.05,5540.4,3253.4,2287.0,Retail
SO001471,2023-12-25,Daniel Musa,Dubai,Office,Mouse,6,188,0.1,1015.2,797.73,217.47,Wholesale
SO001472,2024-12-01,Joseph Brown,Enugu,Office,Headphones,5,552,0,2760,2120.32,639.68,Retail
SO001473,2025-05-06,Fatima Okafor,Lagos,Mobile,Tablet,5,353,0,1765,1323.7,441.3,Retail
SO001474,2022-01-28,Sarah Eze,Nairobi,Office,Headphones,1,1463,0.05,1389.85,949.94,439.91,Online
SO001475,2025-02-24,David Miller,Dubai,Office,Laptop,6,1156,0,6936,4562.32,2373.68,Online
SO001476,2023-12-21,Mary Adebayo,Enugu,Office,Tablet,6,479,0.2,2299.2,1535.79,763.41,Retail
SO001477,2023-03-06,Emeka Mensah,Port Harcourt,Office,Webcam,8,1756,0,14048,11498.3,2549.7,Wholesale
SO001478,2022-08-31,Joseph Ibrahim,Abuja,Office,Printer,7,1548,0.05,10294.2,7018.96,3275.24,Online
SO001479,2023-08-07,Barbara Miller,Enugu,Office,Office Chair,6,343,0.05,1955.1,1507.83,447.27,Wholesale
SO001480,2024-11-26,Linda Bello,Accra,Office,Power Bank,1,94,0,94,53.94,40.06,Retail
SO001481,2022-05-11,Ibrahim Wilson,Cape Town,Accessories,Power Bank,2,781,0,1562,1106.7,455.3,Wholesale
SO001482,2022-07-15,Emeka Adeyemi,New York,Office,Printer,2,481,0.2,769.6,533.17,236.43,Online
SO001483,2022-12-28,Ibrahim Davis,Toronto,Electronics,Mouse,1,1151,0.05,1093.45,893.0,200.45,Wholesale
SO001484,2023-08-07,Ngozi Bello,Dubai,Office,Laptop,5,514,0,2570,1735.18,834.82,Wholesale
SO001485,2024-01-31,Jessica Ibrahim,Kano,Mobile,Webcam,2,799,0.1,1438.2,943.33,494.87,Wholesale
SO001486,2022-04-02,John Musa,New York,Mobile,Office Chair,4,596,0.15,2026.4,1167.85,858.55,Retail
SO001487,2025-05-07,Daniel Okoye,Abuja,Accessories,USB Hub,7,1230,0.15,7318.5,5711.11,1607.39,Online
SO001488,2024-06-18,Barbara Bello,Kano,Electronics,Mouse,5,816,0,4080,2306.63,1773.37,Wholesale
SO001489,2023-01-08,Sarah Thomas,Lagos,Mobile,Mouse,3,976,0,2928,1771.5,1156.5,Wholesale
SO001490,2022-03-04,John Eze,New York,Accessories,Power Bank,7,789,0,5523,3497.66,2025.34,Wholesale
SO001491,2023-04-02,Mary Johnson,New York,Electronics,Headphones,7,1094,0.05,7275.1,4350.72,2924.38,Retail
SO001492,2023-03-07,Ngozi Musa,Toronto,Accessories,Laptop,7,1374,0.15,8175.3,6682.83,1492.47,Online
SO001493,2023-04-23,Ada Jones,Abuja,Electronics,Webcam,2,1265,0.2,2024.0,1504.24,519.76,Online
SO001494,2024-02-17,Thomas Anderson,Abuja,Accessories,Printer,3,1437,0,4311,3228.66,1082.34,Retail
SO001495,2025-02-19,Blessing Okafor,London,Accessories,Printer,7,1228,0,8596,5777.19,2818.81,Online
SO001496,2022-08-25,Jessica Eze,Kano,Computing,Tablet,6,85,0.05,484.5,382.79,101.71,Retail
SO001497,2024-12-21,Fatima Adeyemi,Johannesburg,Accessories,Router,3,1697,0.05,4836.45,2957.17,1879.28,Online
SO001498,2024-05-26,Joseph Anderson,Dubai,Computing,Printer,8,310,0,2480,1382.29,1097.71,Retail
SO001499,2024-03-01,Michael Bello,Lagos,Office,Power Bank,4,1699,0.2,5436.8,3862.9,1573.9,Wholesale
SO001500,2022-09-04,Linda Mensah,Accra,Computing,Keyboard,3,497,0,1491,946.89,544.11,Online
SO001501,2022-05-10,Charles Brown,Enugu,Computing,Headphones,5,1577,0.1,7096.5,4434.85,2661.65,Retail
SO001502,2023-09-30,Karen Williams,London,Electronics,External SSD,5,1783,0.2,7132.0,4961.67,2170.33,Wholesale
SO001503,2023-09-15,John Okoye,Port Harcourt,Electronics,Webcam,7,935,0.15,5563.25,3307.96,2255.29,Online
SO001504,2022-08-07,Mary Adeyemi,Benin City,Accessories,Desk,5,1507,0.15,6404.75,4683.63,1721.12,Online
SO001505,2024-03-24,Aisha Okafor,Abuja,Mobile,Office Chair,4,390,0,1560,1270.75,289.25,Retail
SO001506,2025-01-04,Elizabeth Eze,Nairobi,Accessories,Laptop,3,1525,0.05,4346.25,3284.73,1061.52,Online
SO001507,2025-10-07,Yusuf Musa,Abuja,Office,Laptop,3,1512,0,4536,2797.04,1738.96,Wholesale
SO001508,2022-09-01,Yusuf Jones,Cape Town,Electronics,Office Chair,5,518,0.1,2331.0,1845.31,485.69,Retail
SO001509,2023-08-07,Susan Mensah,Lagos,Accessories,Webcam,5,1663,0,8315,6027.9,2287.1,Online
SO001510,2024-10-17,Barbara Okoye,Johannesburg,Mobile,Power Bank,1,1452,0.05,1379.4,1113.55,265.85,Retail
SO001511,2022-03-17,Elizabeth Smith,Toronto,Office,Router,6,536,0.1,2894.4,1689.57,1204.83,Wholesale
SO001512,2025-02-20,Yusuf Ibrahim,Toronto,Accessories,USB Hub,2,711,0,1422,1048.15,373.85,Wholesale
SO001513,2024-10-15,Sarah Adeyemi,Enugu,Office,USB Hub,8,1058,0.2,6771.2,5323.25,1447.95,Retail
SO001514,2023-07-09,Daniel Eze,Accra,Accessories,Headphones,4,753,0,3012,2158.28,853.72,Online
SO001515,2022-12-07,Mary Musa,London,Computing,Printer,2,424,0,848,607.44,240.56,Wholesale
SO001516,2025-05-17,Tunde Wilson,Abuja,Mobile,Router,5,492,0.15,2091.0,1296.0,795.0,Retail
SO001517,2024-12-13,Thomas Anderson,Benin City,Accessories,Keyboard,3,1260,0,3780,2364.0,1416.0,Retail
SO001518,2025-11-16,Emeka Mensah,Dubai,Office,Laptop,3,902,0.15,2300.1,1342.24,957.86,Online
SO001519,2023-06-18,Linda Williams,Kano,Office,Tablet,5,1541,0.05,7319.75,5093.34,2226.41,Retail
SO001520,2025-03-10,Mary Smith,New York,Computing,Webcam,7,121,0.05,804.65,558.57,246.08,Retail
SO001521,2023-04-27,Karen Mensah,Abuja,Mobile,External SSD,4,553,0.15,1880.2,1221.77,658.43,Online
SO001522,2022-01-08,Ngozi Ogunleye,Johannesburg,Mobile,Power Bank,1,1253,0,1253,765.81,487.19,Wholesale
SO001523,2022-12-03,Joseph Ibrahim,Lagos,Electronics,Monitor,8,751,0,6008,3560.63,2447.37,Wholesale
SO001524,2022-06-14,Patricia Adeyemi,Lagos,Computing,External SSD,8,1503,0,12024,8664.03,3359.97,Wholesale
SO001525,2022-01-12,Daniel Smith,Port Harcourt,Office,Laptop,7,64,0.2,358.4,257.75,100.65,Wholesale
SO001526,2024-07-10,Ibrahim Bello,Dubai,Office,Webcam,4,1609,0.2,5148.8,3409.37,1739.43,Wholesale
SO001527,2022-12-03,Ibrahim Thomas,Dubai,Mobile,Webcam,1,532,0.05,505.4,407.35,98.05,Retail
SO001528,2023-12-18,John Okafor,New York,Mobile,External SSD,3,1455,0.15,3710.25,2841.65,868.6,Retail
SO001529,2022-10-17,Karen Wilson,Kano,Electronics,Webcam,3,258,0.05,735.3,544.18,191.12,Wholesale
SO001530,2024-01-06,Mary Smith,Lagos,Electronics,Monitor,8,1280,0.05,9728.0,6485.82,3242.18,Wholesale
SO001531,2025-05-19,Jessica Johnson,Kano,Office,Webcam,2,273,0.05,518.7,424.17,94.53,Online
SO001532,2025-06-08,Thomas Jones,Nairobi,Electronics,Webcam,5,505,0.1,2272.5,1287.53,984.97,Wholesale
SO001533,2022-06-18,Robert Mensah,Lagos,Office,Webcam,6,1117,0,6702,4975.11,1726.89,Wholesale
SO001534,2022-04-06,Jennifer Jones,Port Harcourt,Accessories,Monitor,7,150,0,1050,644.61,405.39,Retail
SO001535,2022-05-13,Charles Musa,Nairobi,Accessories,Smartphone,7,373,0,2611,2072.96,538.04,Retail
SO001536,2022-04-29,Sarah Okoye,New York,Computing,Tablet,8,1450,0.05,11020.0,6501.4,4518.6,Online
SO001537,2025-10-24,Mary Ogunleye,Lagos,Accessories,Mouse,6,1797,0.05,10242.9,7677.27,2565.63,Retail
SO001538,2025-07-01,Jennifer Smith,Nairobi,Accessories,Keyboard,8,1457,0.2,9324.8,6583.73,2741.07,Online
SO001539,2025-08-26,Patricia Eze,New York,Electronics,Laptop,1,1521,0,1521,1207.67,313.33,Retail
SO001540,2024-12-08,Aisha Wilson,Lagos,Office,Monitor,8,661,0.1,4759.2,2874.6,1884.6,Wholesale
SO001541,2023-07-19,Robert Adebayo,Nairobi,Mobile,Power Bank,8,1512,0,12096,7866.05,4229.95,Retail
SO001542,2024-05-12,Fatima Davis,London,Computing,Desk,3,908,0.2,2179.2,1238.07,941.13,Wholesale
SO001543,2024-02-13,Ibrahim Ibrahim,Johannesburg,Mobile,Tablet,5,1775,0.2,7100.0,4964.73,2135.27,Online
SO001544,2025-02-28,Fatima Okafor,Port Harcourt,Computing,Tablet,6,460,0,2760,1808.95,951.05,Wholesale
SO001545,2023-07-28,Ada Adebayo,Kano,Electronics,Router,4,966,0,3864,2726.99,1137.01,Online
SO001546,2022-03-07,William Smith,Toronto,Computing,USB Hub,6,410,0.05,2337.0,1854.04,482.96,Retail
SO001547,2023-09-03,Barbara Davis,London,Computing,Desk,6,1340,0.15,6834.0,5120.74,1713.26,Retail
SO001548,2024-09-13,Blessing Jones,Toronto,Electronics,Monitor,3,1149,0.05,3274.65,2212.29,1062.36,Retail
SO001549,2024-03-24,Michael Jones,Benin City,Mobile,Laptop,6,1697,0.2,8145.6,5694.12,2451.48,Retail
SO001550,2024-01-30,Sarah Musa,Abuja,Electronics,External SSD,7,1722,0.05,11451.3,7234.7,4216.6,Online
SO001551,2023-07-06,Joseph Bello,Dubai,Accessories,Desk,6,1565,0.15,7981.5,5274.6,2706.9,Retail
SO001552,2025-06-10,William Jones,London,Office,Power Bank,8,1515,0,12120,9651.06,2468.94,Online
SO001553,2022-06-26,Tunde Musa,London,Electronics,Router,1,1795,0,1795,1446.25,348.75,Wholesale
SO001554,2025-10-11,Michael Johnson,New York,Electronics,Tablet,3,1135,0.15,2894.25,1979.34,914.91,Wholesale
SO001555,2025-10-15,Jessica Anderson,Ibadan,Electronics,Headphones,7,503,0,3521,2593.49,927.51,Online
SO001556,2025-11-23,Susan Musa,New York,Accessories,USB Hub,4,835,0.15,2839.0,1577.29,1261.71,Wholesale
SO001557,2025-03-13,Yusuf Thomas,Ibadan,Office,Desk,2,764,0,1528,911.25,616.75,Wholesale
SO001558,2025-08-28,Karen Smith,London,Office,Printer,6,330,0.2,1584.0,1222.68,361.32,Retail
SO001559,2024-08-23,Sarah Davis,Accra,Mobile,Router,2,1300,0.05,2470.0,1989.32,480.68,Wholesale
SO001560,2024-03-22,Sarah Okoye,New York,Mobile,External SSD,2,1045,0.15,1776.5,1423.12,353.38,Online
SO001561,2023-02-11,Thomas Musa,Kano,Mobile,Tablet,2,1077,0.05,2046.3,1600.95,445.35,Wholesale
SO001562,2022-12-15,Joseph Musa,London,Accessories,Tablet,5,454,0.15,1929.5,1420.65,508.85,Wholesale
SO001563,2024-05-07,Thomas Eze,Cape Town,Mobile,Office Chair,4,237,0.1,853.2,552.85,300.35,Wholesale
SO001564,2023-05-08,Karen Jones,Nairobi,Office,Printer,6,800,0.1,4320.0,2909.51,1410.49,Wholesale
SO001565,2025-02-04,Michael Okafor,Abuja,Accessories,Printer,5,1548,0.15,6579.0,3739.98,2839.02,Retail
SO001566,2025-09-17,Susan Anderson,Toronto,Accessories,Mouse,1,1738,0.2,1390.4,787.74,602.66,Wholesale
SO001567,2022-01-04,David Brown,Enugu,Accessories,Router,6,1167,0.05,6651.9,5158.38,1493.52,Online
SO001568,2025-07-20,Aisha Musa,Kano,Office,Router,8,1191,0.05,9051.6,6372.08,2679.52,Online
SO001569,2023-01-06,Linda Okafor,Dubai,Computing,Office Chair,6,991,0.05,5648.7,3478.61,2170.09,Wholesale
SO001570,2022-01-31,Jessica Okafor,Kano,Office,USB Hub,6,449,0.05,2559.3,1453.34,1105.96,Online
SO001571,2023-08-15,Robert Mensah,Lagos,Electronics,Power Bank,2,1271,0.1,2287.8,1496.92,790.88,Wholesale
SO001572,2022-09-17,Robert Johnson,Lagos,Office,Desk,6,1696,0.1,9158.4,6603.5,2554.9,Wholesale
SO001573,2022-12-09,Joseph Thomas,Port Harcourt,Mobile,Headphones,4,506,0.1,1821.6,1043.94,777.66,Retail
SO001574,2023-12-11,Charles Bello,Johannesburg,Accessories,Smartphone,4,1145,0,4580,3336.0,1244.0,Retail
SO001575,2024-03-08,Fatima Williams,London,Office,Smartphone,8,283,0.2,1811.2,1311.61,499.59,Retail
SO001576,2022-04-27,Robert Mensah,Port Harcourt,Accessories,Tablet,4,1082,0,4328,3524.52,803.48,Wholesale
SO001577,2022-08-19,Robert Anderson,Benin City,Electronics,Headphones,8,490,0,3920,2282.62,1637.38,Wholesale
SO001578,2025-04-17,Linda Jones,Cape Town,Mobile,Laptop,7,548,0.2,3068.8,2267.54,801.26,Retail
SO001579,2023-11-09,Barbara Okafor,Dubai,Office,Mouse,2,905,0.15,1538.5,981.59,556.91,Online
SO001580,2025-09-13,Charles Ogunleye,London,Accessories,USB Hub,4,533,0,2132,1716.11,415.89,Online
SO001581,2023-10-03,Robert Bello,Port Harcourt,Electronics,Laptop,7,1712,0.15,10186.4,7144.77,3041.63,Wholesale
SO001582,2024-07-22,Daniel Brown,New York,Electronics,Webcam,7,1372,0.15,8163.4,5558.01,2605.39,Retail
SO001583,2025-04-29,Michael Okoye,Abuja,Accessories,Router,8,560,0.2,3584.0,2500.21,1083.79,Online
SO001584,2024-12-31,Yusuf Johnson,Lagos,Accessories,Mouse,3,637,0,1911,1203.38,707.62,Retail
SO001585,2025-05-17,Daniel Adebayo,Dubai,Computing,Office Chair,5,851,0.05,4042.25,2307.55,1734.7,Wholesale
SO001586,2022-04-28,Jessica Miller,New York,Electronics,Office Chair,3,241,0.15,614.55,493.03,121.52,Wholesale
SO001587,2022-08-05,Michael Ibrahim,Dubai,Mobile,External SSD,5,893,0.15,3795.25,2227.34,1567.91,Wholesale
SO001588,2024-07-22,Sarah Smith,Dubai,Accessories,Headphones,5,1476,0,7380,4700.68,2679.32,Wholesale
SO001589,2022-03-16,Tunde Anderson,Nairobi,Mobile,Keyboard,4,1768,0.05,6718.4,4225.63,2492.77,Wholesale
SO001590,2025-04-29,Ibrahim Smith,Accra,Accessories,Headphones,3,1049,0,3147,1994.31,1152.69,Retail
SO001591,2025-10-18,Jennifer Anderson,Ibadan,Mobile,Mouse,2,583,0.15,991.1,553.57,437.53,Wholesale
SO001592,2022-05-11,Daniel Okafor,Johannesburg,Electronics,Router,8,1500,0.2,9600.0,6036.97,3563.03,Retail
SO001593,2024-09-14,John Anderson,Kano,Computing,Power Bank,6,1368,0.05,7797.6,4766.45,3031.15,Wholesale
SO001594,2025-01-13,Tunde Smith,Toronto,Accessories,Office Chair,6,1213,0,7278,4686.89,2591.11,Retail
SO001595,2025-04-12,Tunde Brown,Johannesburg,Mobile,Laptop,6,1166,0.2,5596.8,4146.63,1450.17,Retail
SO001596,2025-01-14,Blessing Eze,Enugu,Office,Office Chair,2,113,0.1,203.4,163.57,39.83,Online
SO001597,2022-10-18,William Miller,Dubai,Computing,Router,2,1274,0.15,2165.8,1266.12,899.68,Retail
SO001598,2022-03-17,Mary Eze,Port Harcourt,Accessories,USB Hub,6,1508,0.05,8595.6,5141.1,3454.5,Online
SO001599,2022-01-20,Elizabeth Brown,Abuja,Computing,Keyboard,2,1091,0,2182,1483.59,698.41,Online
SO001600,2022-04-19,Fatima Davis,Port Harcourt,Mobile,USB Hub,5,1266,0.2,5064.0,3178.45,1885.55,Online
SO001601,2025-11-13,Blessing Davis,Cape Town,Mobile,Mouse,4,1477,0.2,4726.4,2604.02,2122.38,Online
SO001602,2025-07-18,Jessica Jones,Toronto,Accessories,Desk,5,1723,0.2,6892.0,5016.42,1875.58,Retail
SO001603,2022-05-04,Jessica Okafor,Johannesburg,Office,Desk,3,891,0.05,2539.35,1611.48,927.87,Retail
SO001604,2022-12-29,Karen Eze,Nairobi,Office,Mouse,3,266,0.2,638.4,359.83,278.57,Online
SO001605,2024-09-22,David Adebayo,Lagos,Mobile,Monitor,8,1258,0.1,9057.6,6595.06,2462.54,Online
SO001606,2025-08-06,Aisha Brown,Enugu,Electronics,Power Bank,1,1163,0.15,988.55,737.83,250.72,Wholesale
SO001607,2022-08-24,Chinedu Okoye,Ibadan,Office,Desk,7,793,0.05,5273.45,4305.8,967.65,Retail
SO001608,2024-04-29,Fatima Williams,Kano,Electronics,Laptop,3,1137,0,3411,2001.86,1409.14,Online
SO001609,2025-12-06,Jennifer Smith,Toronto,Mobile,Headphones,1,639,0,639,498.83,140.17,Wholesale
SO001610,2024-05-13,Elizabeth Bello,Cape Town,Office,Monitor,5,471,0.1,2119.5,1217.07,902.43,Retail
SO001611,2023-02-10,Thomas Anderson,Enugu,Electronics,Smartphone,1,430,0.05,408.5,306.72,101.78,Wholesale
SO001612,2022-09-21,Daniel Mensah,Benin City,Mobile,USB Hub,7,1004,0.05,6676.6,5357.05,1319.55,Retail
SO001613,2022-06-06,Barbara Williams,Abuja,Mobile,Webcam,6,1273,0.2,6110.4,4306.39,1804.01,Wholesale
SO001614,2022-03-28,Jennifer Ibrahim,Kano,Mobile,Smartphone,3,373,0.1,1007.1,620.46,386.64,Online
SO001615,2024-11-19,Charles Bello,Lagos,Accessories,Webcam,7,1108,0.2,6204.8,4514.7,1690.1,Retail
SO001616,2024-04-30,Robert Adebayo,Nairobi,Office,Router,1,1611,0.05,1530.45,1198.42,332.03,Retail
SO001617,2023-03-25,Daniel Thomas,Cape Town,Office,Power Bank,2,1132,0,2264,1324.76,939.24,Retail
SO001618,2022-10-27,Patricia Miller,Port Harcourt,Mobile,Keyboard,3,347,0.1,936.9,665.75,271.15,Wholesale
SO001619,2024-03-29,Daniel Williams,London,Accessories,Tablet,1,1330,0,1330,832.63,497.37,Wholesale
SO001620,2025-07-29,Charles Thomas,Port Harcourt,Accessories,Desk,6,225,0,1350,772.89,577.11,Retail
SO001621,2025-01-20,Chinedu Smith,Toronto,Electronics,Office Chair,2,731,0.05,1388.9,900.6,488.3,Online
SO001622,2022-07-10,David Davis,Dubai,Computing,Mouse,5,35,0.1,157.5,93.8,63.7,Online
SO001623,2024-01-08,David Jones,Kano,Accessories,Webcam,1,351,0,351,247.4,103.6,Wholesale
SO001624,2022-07-30,Chinedu Thomas,Abuja,Accessories,Desk,5,558,0.2,2232.0,1670.98,561.02,Wholesale
SO001625,2023-08-18,James Adeyemi,Lagos,Electronics,External SSD,6,195,0.2,936.0,722.99,213.01,Wholesale
SO001626,2023-02-17,Barbara Thomas,Toronto,Electronics,Tablet,5,1644,0.1,7398.0,5055.46,2342.54,Wholesale
SO001627,2023-03-25,Karen Adeyemi,Johannesburg,Electronics,Office Chair,3,1751,0,5253,3673.56,1579.44,Retail
SO001628,2022-05-12,Jessica Jones,Lagos,Computing,USB Hub,4,1325,0.2,4240.0,2571.91,1668.09,Online
SO001629,2022-04-10,Patricia Okoye,Dubai,Mobile,Mouse,4,608,0.1,2188.8,1775.58,413.22,Online
SO001630,2023-11-25,Yusuf Jones,Port Harcourt,Electronics,Power Bank,6,963,0,5778,3394.54,2383.46,Retail
SO001631,2022-09-29,Robert Ibrahim,Accra,Electronics,Mouse,1,167,0.05,158.65,87.59,71.06,Retail
SO001632,2023-06-07,Thomas Mensah,Enugu,Accessories,Headphones,1,477,0,477,286.26,190.74,Retail
SO001633,2023-08-12,Sarah Bello,Ibadan,Mobile,USB Hub,3,881,0.05,2510.85,1613.01,897.84,Online
SO001634,2023-02-20,Mary Bello,Accra,Office,Mouse,4,51,0.2,163.2,126.63,36.57,Online
SO001635,2022-09-23,Mary Ogunleye,Dubai,Electronics,Smartphone,8,1062,0,8496,6649.79,1846.21,Retail
SO001636,2024-05-10,Chinedu Okafor,Ibadan,Electronics,Laptop,4,372,0,1488,1095.48,392.52,Wholesale
SO001637,2025-05-27,Elizabeth Anderson,Johannesburg,Office,Webcam,7,822,0,5754,3809.03,1944.97,Retail
SO001638,2023-06-10,Karen Williams,Dubai,Office,Mouse,1,1049,0,1049,671.24,377.76,Online
SO001639,2024-04-23,Linda Jones,Dubai,Accessories,Keyboard,4,978,0.15,3325.2,2707.73,617.47,Retail
SO001640,2024-03-16,Tunde Ibrahim,Ibadan,Mobile,Laptop,3,1473,0.05,4198.05,2502.43,1695.62,Wholesale
SO001641,2022-12-30,Sarah Jones,Kano,Mobile,Office Chair,1,1427,0.15,1212.95,826.74,386.21,Retail
SO001642,2022-10-30,Charles Brown,Johannesburg,Computing,Router,5,375,0.1,1687.5,1170.43,517.07,Retail
SO001643,2024-11-15,Blessing Adeyemi,Port Harcourt,Office,Power Bank,7,1009,0,7063,5194.49,1868.51,Wholesale
SO001644,2025-05-13,Karen Okoye,Kano,Accessories,USB Hub,4,1005,0.15,3417.0,2458.92,958.08,Online
SO001645,2025-08-05,Sarah Ibrahim,New York,Electronics,Monitor,8,675,0,5400,3797.19,1602.81,Wholesale
SO001646,2024-06-25,Jennifer Anderson,Nairobi,Computing,Router,6,431,0.05,2456.7,1542.42,914.28,Wholesale
SO001647,2025-09-05,Michael Anderson,Toronto,Computing,Keyboard,4,803,0.15,2730.2,1762.27,967.93,Online
SO001648,2022-03-30,Jessica Miller,Lagos,Office,Keyboard,1,938,0.05,891.1,511.4,379.7,Retail
SO001649,2024-12-13,James Ibrahim,Ibadan,Computing,Printer,5,714,0.05,3391.5,2247.37,1144.13,Online
SO001650,2024-02-20,William Adeyemi,Accra,Accessories,Headphones,1,1143,0.05,1085.85,670.69,415.16,Wholesale
SO001651,2025-04-17,Mary Brown,Abuja,Mobile,USB Hub,8,842,0.1,6062.4,4520.48,1541.92,Wholesale
SO001652,2023-11-01,Ngozi Johnson,Nairobi,Office,Smartphone,7,424,0.1,2671.2,1776.15,895.05,Online
SO001653,2024-02-24,Yusuf Wilson,Enugu,Electronics,Printer,6,733,0.1,3958.2,2895.07,1063.13,Online
SO001654,2023-03-16,Karen Thomas,Toronto,Accessories,Mouse,3,1310,0,3930,2363.04,1566.96,Online
SO001655,2023-09-11,William Bello,Lagos,Office,Headphones,6,573,0.2,2750.4,1905.79,844.61,Retail
SO001656,2025-04-10,Susan Musa,London,Office,Desk,2,1385,0.15,2354.5,1577.01,777.49,Retail
SO001657,2023-10-24,James Mensah,Kano,Accessories,Router,8,1363,0.15,9268.4,6432.83,2835.57,Retail
SO001658,2025-10-28,Karen Okoye,Ibadan,Accessories,Mouse,8,1458,0.15,9914.4,6237.37,3677.03,Wholesale
SO001659,2024-12-16,Thomas Jones,Port Harcourt,Office,Office Chair,7,293,0,2051,1194.27,856.73,Retail
SO001660,2023-03-12,Patricia Okoye,Benin City,Mobile,Smartphone,6,269,0.1,1452.6,853.47,599.13,Retail
SO001661,2022-08-24,Robert Brown,New York,Office,Webcam,6,580,0.1,3132.0,2560.42,571.58,Retail
SO001662,2024-06-13,William Bello,Cape Town,Computing,Tablet,1,900,0,900,735.01,164.99,Retail
SO001663,2023-02-03,Chinedu Brown,Cape Town,Accessories,Laptop,1,1022,0.1,919.8,603.19,316.61,Online
SO001664,2023-01-12,Karen Mensah,Abuja,Computing,Tablet,1,1764,0.15,1499.4,844.15,655.25,Retail
SO001665,2022-01-06,Susan Mensah,Accra,Computing,Smartphone,5,1748,0.1,7866.0,6391.1,1474.9,Wholesale
SO001666,2024-12-06,Jennifer Eze,Ibadan,Office,Laptop,5,1081,0.1,4864.5,3724.18,1140.32,Retail
SO001667,2025-05-12,Barbara Jones,Enugu,Electronics,Desk,8,292,0.1,2102.4,1553.62,548.78,Online
SO001668,2025-10-25,Yusuf Ibrahim,New York,Mobile,Monitor,7,860,0.2,4816.0,2656.06,2159.94,Retail
SO001669,2025-03-28,Linda Miller,New York,Computing,Power Bank,6,1159,0.2,5563.2,3646.5,1916.7,Wholesale
SO001670,2023-04-24,Fatima Bello,Lagos,Office,Printer,8,193,0.15,1312.4,790.77,521.63,Online
SO001671,2024-11-04,Jennifer Mensah,Accra,Computing,External SSD,8,1015,0.2,6496.0,4334.11,2161.89,Retail
SO001672,2023-03-23,Jennifer Okoye,Accra,Office,USB Hub,5,32,0,160,98.62,61.38,Wholesale
SO001673,2022-09-19,Ngozi Musa,Johannesburg,Office,External SSD,4,1120,0,4480,3565.45,914.55,Retail
SO001674,2024-01-18,Blessing Eze,London,Electronics,Headphones,8,1674,0.2,10713.6,7254.69,3458.91,Retail
SO001675,2023-06-13,Daniel Eze,Cape Town,Office,Laptop,3,159,0.2,381.6,273.8,107.8,Online
SO001676,2022-09-05,Sarah Ogunleye,Cape Town,Accessories,Office Chair,5,749,0.1,3370.5,2118.37,1252.13,Online
SO001677,2025-01-17,Daniel Eze,Nairobi,Office,Office Chair,7,70,0,490,272.09,217.91,Wholesale
SO001678,2025-11-16,Aisha Smith,Cape Town,Electronics,Tablet,3,1222,0.15,3116.1,1761.71,1354.39,Retail
SO001679,2025-03-26,Daniel Okoye,Benin City,Computing,Mouse,7,1719,0,12033,8484.99,3548.01,Retail
SO001680,2022-06-28,James Smith,Ibadan,Mobile,Mouse,2,636,0.15,1081.2,767.26,313.94,Wholesale
SO001681,2022-02-04,Jessica Eze,New York,Electronics,Headphones,3,265,0.15,675.75,379.81,295.94,Wholesale
SO001682,2022-08-31,William Ibrahim,New York,Computing,Printer,4,1103,0,4412,2800.86,1611.14,Online
SO001683,2022-06-03,Robert Anderson,Dubai,Electronics,Tablet,8,227,0,1816,1412.12,403.88,Wholesale
SO001684,2024-03-19,Emeka Anderson,Lagos,Mobile,Power Bank,1,935,0.05,888.25,506.33,381.92,Retail
SO001685,2022-08-23,Charles Mensah,Abuja,Electronics,Webcam,2,28,0.05,53.2,39.58,13.62,Retail
SO001686,2023-11-11,Karen Brown,Enugu,Mobile,Router,2,1105,0.2,1768.0,1205.03,562.97,Wholesale
SO001687,2025-05-09,Fatima Bello,Abuja,Mobile,Webcam,1,1005,0.1,904.5,638.77,265.73,Online
SO001688,2025-02-09,William Jones,Cape Town,Accessories,External SSD,4,1306,0.2,4179.2,2428.15,1751.05,Wholesale
SO001689,2023-10-27,Emeka Wilson,Abuja,Office,Office Chair,6,200,0,1200,714.21,485.79,Wholesale
SO001690,2022-11-26,William Eze,Cape Town,Computing,Webcam,2,513,0,1026,751.47,274.53,Retail
SO001691,2025-11-21,Susan Smith,Johannesburg,Computing,Smartphone,6,947,0.1,5113.8,3988.62,1125.18,Retail
SO001692,2023-04-03,Daniel Wilson,Abuja,Mobile,Mouse,6,1303,0.15,6645.3,4220.86,2424.44,Retail
SO001693,2022-11-05,Karen Okafor,Abuja,Computing,Webcam,6,1448,0,8688,6002.45,2685.55,Retail
SO001694,2024-12-31,Tunde Musa,London,Mobile,Router,7,1545,0,10815,8077.98,2737.02,Wholesale
SO001695,2025-05-17,Patricia Musa,Benin City,Accessories,Router,8,1061,0.15,7214.8,4264.52,2950.28,Wholesale
SO001696,2024-11-06,Yusuf Bello,Dubai,Accessories,Headphones,5,1336,0.2,5344.0,4253.98,1090.02,Online
SO001697,2025-02-03,Mary Ibrahim,Benin City,Office,USB Hub,1,1266,0,1266,806.24,459.76,Wholesale
SO001698,2022-03-13,Blessing Wilson,Ibadan,Accessories,Mouse,1,1690,0,1690,1066.75,623.25,Retail
SO001699,2025-07-23,James Adebayo,Dubai,Electronics,Desk,5,358,0.15,1521.5,965.61,555.89,Online
SO001700,2025-11-07,Robert Adeyemi,New York,Computing,Office Chair,3,957,0,2871,1611.68,1259.32,Wholesale
SO001701,2022-06-03,Robert Okoye,Enugu,Mobile,USB Hub,7,247,0.15,1469.65,1127.97,341.68,Retail
SO001702,2025-07-14,Patricia Williams,Port Harcourt,Accessories,Tablet,5,475,0.2,1900.0,1086.73,813.27,Retail
SO001703,2025-01-21,Sarah Bello,Dubai,Electronics,Monitor,3,1133,0.05,3229.05,2298.83,930.22,Online
SO001704,2023-05-29,Blessing Thomas,Nairobi,Electronics,Desk,1,72,0,72,56.5,15.5,Wholesale
SO001705,2022-11-09,Joseph Musa,Cape Town,Office,External SSD,3,391,0.1,1055.7,606.8,448.9,Wholesale
SO001706,2022-02-08,Ngozi Thomas,Accra,Computing,Power Bank,4,1149,0,4596,3205.91,1390.09,Online
SO001707,2023-05-02,Linda Musa,Toronto,Mobile,Printer,7,575,0,4025,3246.09,778.91,Wholesale
SO001708,2022-01-04,Ibrahim Mensah,London,Electronics,External SSD,5,29,0,145,86.06,58.94,Wholesale
SO001709,2024-07-19,Tunde Jones,Toronto,Office,Printer,6,509,0.1,2748.6,2000.4,748.2,Wholesale
SO001710,2025-10-26,Blessing Thomas,New York,Computing,USB Hub,8,127,0.05,965.2,614.78,350.42,Online
SO001711,2025-12-10,Chinedu Ogunleye,Benin City,Computing,Printer,6,1067,0,6402,3611.16,2790.84,Retail
SO001712,2023-08-22,Tunde Johnson,Abuja,Computing,Tablet,4,923,0.05,3507.4,2601.42,905.98,Online
SO001713,2022-04-09,Patricia Wilson,Benin City,Accessories,Tablet,5,812,0.15,3451.0,2066.33,1384.67,Online
SO001714,2023-10-28,Jennifer Okoye,Dubai,Office,External SSD,5,1296,0.2,5184.0,3347.99,1836.01,Online
SO001715,2022-10-25,Thomas Smith,Accra,Accessories,External SSD,8,995,0.1,7164.0,3969.71,3194.29,Retail
SO001716,2025-07-06,Chinedu Smith,Accra,Electronics,Tablet,4,969,0.1,3488.4,2633.98,854.42,Wholesale
SO001717,2023-04-01,Jennifer Ibrahim,Cape Town,Computing,Laptop,2,1005,0,2010,1185.52,824.48,Wholesale
SO001718,2022-04-11,Jessica Okafor,Cape Town,Office,Power Bank,7,413,0.2,2312.8,1672.24,640.56,Online
SO001719,2025-11-12,John Smith,Accra,Computing,Office Chair,1,188,0,188,108.79,79.21,Retail
SO001720,2022-11-02,Chinedu Williams,Lagos,Mobile,Laptop,4,1635,0.15,5559.0,4303.19,1255.81,Wholesale
SO001721,2022-08-09,Fatima Thomas,Abuja,Accessories,External SSD,8,765,0,6120,4739.6,1380.4,Retail
SO001722,2024-09-10,Linda Eze,Enugu,Mobile,Tablet,2,816,0.05,1550.4,1190.96,359.44,Online
SO001723,2025-04-12,Joseph Davis,Lagos,Computing,Router,7,622,0.2,3483.2,2308.63,1174.57,Online
SO001724,2025-12-31,James Okoye,Abuja,Office,Power Bank,7,1023,0,7161,5790.55,1370.45,Retail
SO001725,2022-01-15,Chinedu Bello,Dubai,Computing,Office Chair,8,73,0.1,525.6,290.99,234.61,Online
SO001726,2022-08-27,Mary Thomas,Kano,Mobile,Office Chair,2,298,0.1,536.4,386.37,150.03,Retail
SO001727,2023-11-24,Aisha Thomas,Dubai,Office,Monitor,7,1105,0,7735,5840.7,1894.3,Wholesale
SO001728,2022-06-06,James Bello,Benin City,Electronics,Smartphone,4,1551,0,6204,4348.25,1855.75,Wholesale
SO001729,2022-06-17,Chinedu Brown,Johannesburg,Computing,Tablet,3,1030,0.15,2626.5,1559.24,1067.26,Online
SO001730,2022-02-05,Sarah Ogunleye,Port Harcourt,Office,Headphones,4,457,0.15,1553.8,1259.31,294.49,Online
SO001731,2023-11-15,Ibrahim Eze,Port Harcourt,Mobile,Power Bank,3,1633,0.15,4164.15,3323.41,840.74,Retail
SO001732,2023-07-10,James Williams,Toronto,Office,Desk,3,547,0.2,1312.8,869.86,442.94,Online
SO001733,2023-10-11,Jessica Brown,Benin City,Computing,Smartphone,5,1602,0.05,7609.5,5665.69,1943.81,Retail
SO001734,2025-09-13,William Miller,Kano,Computing,Webcam,4,1186,0.15,4032.4,3301.75,730.65,Online
SO001735,2024-12-05,Yusuf Okafor,Lagos,Electronics,USB Hub,2,288,0.15,489.6,395.16,94.44,Retail
SO001736,2025-05-31,Linda Davis,Enugu,Mobile,Mouse,5,1203,0.2,4812.0,2839.51,1972.49,Wholesale
SO001737,2024-06-18,Michael Mensah,Port Harcourt,Accessories,Router,2,1557,0.05,2958.3,2413.98,544.32,Wholesale
SO001738,2025-06-25,Emeka Adebayo,Johannesburg,Office,Router,5,1756,0.1,7902.0,4469.74,3432.26,Retail
SO001739,2023-11-17,Patricia Musa,Benin City,Electronics,Tablet,8,114,0,912,632.52,279.48,Retail
SO001740,2023-04-12,Charles Johnson,Benin City,Electronics,Smartphone,3,971,0,2913,2040.01,872.99,Retail
SO001741,2025-03-06,Barbara Wilson,Cape Town,Office,Power Bank,4,997,0.05,3788.6,2278.73,1509.87,Wholesale
SO001742,2025-04-04,Ngozi Jones,Abuja,Electronics,External SSD,7,492,0.05,3271.8,2540.46,731.34,Wholesale
SO001743,2023-05-19,Tunde Adebayo,Ibadan,Mobile,USB Hub,4,266,0.1,957.6,530.27,427.33,Wholesale
SO001744,2024-05-02,Ada Johnson,Port Harcourt,Office,External SSD,7,1423,0.15,8466.85,5208.65,3258.2,Online
SO001745,2022-04-15,Sarah Jones,Benin City,Accessories,Smartphone,5,103,0.2,412.0,312.12,99.88,Retail
SO001746,2022-01-08,Aisha Eze,Kano,Accessories,Office Chair,4,589,0.15,2002.6,1320.34,682.26,Retail
SO001747,2022-03-06,James Miller,Abuja,Mobile,Smartphone,8,51,0,408,265.9,142.1,Online
SO001748,2023-06-02,Ada Thomas,Toronto,Office,Router,3,232,0,696,387.0,309.0,Wholesale
SO001749,2023-09-01,Ibrahim Mensah,Benin City,Mobile,Power Bank,7,775,0,5425,2989.79,2435.21,Online
SO001750,2025-10-20,William Davis,Cape Town,Electronics,Printer,8,200,0.05,1520.0,1081.7,438.3,Online
SO001751,2025-09-10,Fatima Bello,London,Computing,Tablet,7,1729,0.1,10892.7,6669.5,4223.2,Retail
SO001752,2025-01-06,Chinedu Okafor,Kano,Mobile,USB Hub,7,1261,0.05,8385.65,4943.03,3442.62,Wholesale
SO001753,2022-03-29,Blessing Jones,Lagos,Electronics,USB Hub,1,1197,0.15,1017.45,808.61,208.84,Retail
SO001754,2025-03-07,Thomas Smith,Accra,Computing,Laptop,7,999,0.05,6643.35,4650.66,1992.69,Online
SO001755,2023-03-04,Emeka Bello,Toronto,Electronics,Desk,4,724,0,2896,1683.36,1212.64,Wholesale
SO001756,2025-09-08,Ngozi Ogunleye,Johannesburg,Office,Smartphone,7,437,0.2,2447.2,1831.38,615.82,Online
SO001757,2025-09-14,Blessing Mensah,Benin City,Accessories,Mouse,3,953,0.2,2287.2,1423.92,863.28,Online
SO001758,2024-12-28,Michael Okoye,Cape Town,Electronics,Office Chair,2,1540,0,3080,2306.99,773.01,Online
SO001759,2024-03-21,Blessing Okoye,Dubai,Accessories,Printer,4,1007,0.15,3423.8,2399.47,1024.33,Retail
SO001760,2024-12-01,Charles Ibrahim,Toronto,Office,Headphones,2,1115,0.05,2118.5,1247.86,870.64,Wholesale
SO001761,2022-09-15,James Adebayo,Lagos,Mobile,Webcam,8,397,0,3176,2083.71,1092.29,Retail
SO001762,2022-07-08,Jessica Wilson,Accra,Accessories,Monitor,5,1472,0,7360,4156.78,3203.22,Online
SO001763,2024-03-09,William Miller,Toronto,Office,Headphones,2,1119,0.1,2014.2,1552.11,462.09,Wholesale
SO001764,2024-10-27,Barbara Adebayo,Benin City,Mobile,Headphones,5,752,0.05,3572.0,2713.24,858.76,Online
SO001765,2025-05-08,William Anderson,Toronto,Mobile,Mouse,3,958,0.15,2442.9,1374.88,1068.02,Online
SO001766,2025-01-30,Jennifer Williams,Ibadan,Computing,Laptop,7,1606,0.05,10679.9,7226.19,3453.71,Retail
SO001767,2023-10-03,Chinedu Smith,Ibadan,Office,Power Bank,6,1124,0.1,6069.6,4169.49,1900.11,Retail
SO001768,2025-10-28,Susan Miller,Benin City,Office,Monitor,8,1017,0.05,7729.2,5723.02,2006.18,Wholesale
SO001769,2022-02-18,Aisha Musa,Ibadan,Mobile,External SSD,7,397,0.2,2223.2,1705.91,517.29,Retail
SO001770,2024-01-01,Patricia Mensah,New York,Computing,Router,4,1751,0,7004,4728.36,2275.64,Online
SO001771,2022-11-24,Elizabeth Okoye,Kano,Accessories,Router,4,1634,0.05,6209.2,4654.52,1554.68,Online
SO001772,2022-09-23,Fatima Jones,Toronto,Electronics,Mouse,1,199,0,199,157.97,41.03,Online
SO001773,2025-01-21,Thomas Okafor,Cape Town,Accessories,Monitor,6,331,0.2,1588.8,1295.69,293.11,Wholesale
SO001774,2022-04-06,Fatima Ibrahim,Kano,Mobile,Tablet,5,1464,0,7320,5595.59,1724.41,Online
SO001775,2024-10-31,Chinedu Thomas,Nairobi,Electronics,Router,1,1071,0.2,856.8,597.37,259.43,Retail
SO001776,2023-06-01,Karen Miller,Benin City,Accessories,Tablet,7,1731,0.05,11511.15,8231.83,3279.32,Online
SO001777,2025-04-12,Jennifer Anderson,Cape Town,Office,Mouse,2,769,0.2,1230.4,716.18,514.22,Online
SO001778,2022-04-25,Yusuf Thomas,Lagos,Computing,Printer,5,117,0,585,469.85,115.15,Retail
SO001779,2023-05-22,Chinedu Brown,Johannesburg,Computing,Laptop,4,685,0.1,2466.0,1821.24,644.76,Online
SO001780,2023-07-12,Sarah Mensah,Benin City,Accessories,Office Chair,2,1158,0.15,1968.6,1398.6,570.0,Retail
SO001781,2022-09-25,Chinedu Wilson,Accra,Mobile,Printer,6,1681,0.1,9077.4,5457.77,3619.63,Retail
SO001782,2024-04-30,William Adebayo,Dubai,Office,External SSD,1,601,0.05,570.95,353.52,217.43,Wholesale
SO001783,2022-04-01,Ngozi Wilson,Toronto,Accessories,Headphones,4,1135,0.15,3859.0,2781.26,1077.74,Retail
SO001784,2025-08-18,Jennifer Okoye,Port Harcourt,Accessories,Headphones,5,1159,0.15,4925.75,3570.71,1355.04,Wholesale
SO001785,2022-07-06,Blessing Ibrahim,Johannesburg,Electronics,Smartphone,6,601,0,3606,2121.26,1484.74,Wholesale
SO001786,2022-01-08,James Ogunleye,New York,Mobile,Headphones,2,1183,0.05,2247.7,1684.62,563.08,Wholesale
SO001787,2024-10-29,David Musa,Accra,Mobile,Mouse,3,1446,0.1,3904.2,2650.31,1253.89,Online
SO001788,2023-10-25,John Thomas,Ibadan,Computing,Keyboard,1,709,0,709,429.75,279.25,Retail
SO001789,2022-05-02,Linda Musa,New York,Computing,Desk,6,1355,0,8130,5966.21,2163.79,Online
SO001790,2025-08-13,Aisha Williams,Lagos,Mobile,Office Chair,5,281,0.1,1264.5,730.92,533.58,Wholesale
SO001791,2025-10-19,Ngozi Eze,Benin City,Office,Webcam,6,1559,0,9354,5266.86,4087.14,Wholesale
SO001792,2025-07-03,David Adeyemi,Ibadan,Mobile,Mouse,7,830,0.1,5229.0,3094.39,2134.61,Retail
SO001793,2025-06-12,Aisha Eze,Accra,Electronics,Tablet,7,678,0.05,4508.7,3590.21,918.49,Retail
SO001794,2022-09-01,Ibrahim Ogunleye,Nairobi,Office,External SSD,8,1113,0.15,7568.4,5349.5,2218.9,Wholesale
SO001795,2022-10-04,Ngozi Adeyemi,New York,Accessories,Router,1,1704,0,1704,1238.38,465.62,Wholesale
SO001796,2024-12-11,Mary Miller,Johannesburg,Computing,Printer,6,171,0.1,923.4,681.53,241.87,Wholesale
SO001797,2024-04-17,Yusuf Davis,Toronto,Office,Router,5,544,0.15,2312.0,1307.04,1004.96,Wholesale
SO001798,2022-05-18,Emeka Ogunleye,New York,Mobile,Headphones,6,40,0,240,166.14,73.86,Retail
SO001799,2022-02-02,Elizabeth Brown,Lagos,Accessories,Router,8,41,0.05,311.6,196.98,114.62,Online
SO001800,2024-01-13,John Musa,London,Electronics,USB Hub,4,307,0.2,982.4,692.74,289.66,Online
SO001801,2024-02-03,John Davis,Johannesburg,Mobile,Office Chair,4,1413,0.05,5369.4,3647.63,1721.77,Retail
SO001802,2025-10-12,Mary Okoye,London,Electronics,Laptop,4,1228,0.1,4420.8,2838.77,1582.03,Retail
SO001803,2023-05-01,Patricia Adeyemi,Kano,Office,Laptop,8,1608,0.05,12220.8,9295.73,2925.07,Retail
SO001804,2023-04-19,Robert Thomas,Port Harcourt,Accessories,Webcam,6,737,0.15,3758.7,2696.54,1062.16,Wholesale
SO001805,2024-07-07,Thomas Brown,Dubai,Office,Headphones,3,1438,0.15,3666.9,2369.29,1297.61,Wholesale
SO001806,2025-03-18,William Mensah,Cape Town,Computing,Monitor,3,1298,0.1,3504.6,2787.2,717.4,Online
SO001807,2023-08-01,Jessica Okoye,Johannesburg,Mobile,Headphones,7,771,0,5397,3582.4,1814.6,Wholesale
SO001808,2022-06-11,Sarah Johnson,Enugu,Mobile,Monitor,3,235,0.2,564.0,341.78,222.22,Online
SO001809,2024-08-31,Ngozi Mensah,Dubai,Computing,External SSD,3,950,0.05,2707.5,2191.64,515.86,Wholesale
SO001810,2024-05-24,Chinedu Thomas,Johannesburg,Computing,External SSD,7,1741,0.05,11577.65,9026.8,2550.85,Wholesale
SO001811,2024-08-04,Ada Thomas,Kano,Accessories,Mouse,7,965,0,6755,3808.51,2946.49,Retail
SO001812,2022-02-12,Aisha Wilson,Benin City,Mobile,Mouse,7,1345,0.05,8944.25,5277.55,3666.7,Wholesale
SO001813,2023-09-10,Fatima Ogunleye,Toronto,Mobile,Keyboard,2,1264,0.05,2401.6,1354.72,1046.88,Online
SO001814,2024-06-17,Robert Jones,New York,Computing,Tablet,8,548,0.15,3726.4,2768.19,958.21,Retail
SO001815,2023-08-09,Yusuf Miller,Toronto,Computing,Desk,1,387,0.05,367.65,217.13,150.52,Online
SO001816,2025-03-13,Mary Smith,Cape Town,Mobile,Office Chair,5,1352,0,6760,3841.23,2918.77,Wholesale
SO001817,2023-12-11,Patricia Miller,Nairobi,Office,Laptop,3,1409,0.05,4015.65,2434.89,1580.76,Wholesale
SO001818,2024-08-17,Blessing Okoye,New York,Accessories,Tablet,2,1718,0,3436,2365.83,1070.17,Online
SO001819,2022-06-09,Mary Johnson,Kano,Electronics,Router,3,934,0.05,2661.9,1770.67,891.23,Wholesale
SO001820,2025-08-27,Michael Anderson,Benin City,Accessories,Keyboard,1,390,0.05,370.5,283.32,87.18,Wholesale
SO001821,2023-03-12,Aisha Thomas,Abuja,Computing,Laptop,5,444,0,2220,1269.02,950.98,Retail
SO001822,2023-11-14,William Jones,Nairobi,Accessories,Desk,7,778,0,5446,4298.69,1147.31,Retail
SO001823,2023-06-13,Jennifer Brown,Kano,Accessories,Monitor,2,1131,0.05,2148.9,1675.07,473.83,Wholesale
SO001824,2025-06-02,Emeka Okoye,Port Harcourt,Computing,External SSD,6,1553,0.1,8386.2,5992.35,2393.85,Online
SO001825,2025-05-16,Robert Jones,New York,Mobile,Office Chair,2,1099,0,2198,1543.62,654.38,Wholesale
SO001826,2023-07-27,David Bello,Abuja,Electronics,Keyboard,7,464,0.05,3085.6,2402.24,683.36,Online
SO001827,2023-07-29,Blessing Johnson,Cape Town,Accessories,Tablet,1,1202,0.05,1141.9,666.03,475.87,Online
SO001828,2023-02-01,Karen Ibrahim,Dubai,Office,Headphones,8,986,0.2,6310.4,4106.45,2203.95,Retail
SO001829,2025-12-04,Charles Ogunleye,Abuja,Computing,Keyboard,4,760,0,3040,2410.03,629.97,Retail
SO001830,2023-11-16,William Okafor,Port Harcourt,Accessories,Tablet,6,1696,0,10176,8295.4,1880.6,Wholesale
SO001831,2023-12-11,Elizabeth Brown,Benin City,Electronics,Office Chair,6,368,0.1,1987.2,1462.36,524.84,Retail
SO001832,2022-05-19,Fatima Smith,Port Harcourt,Computing,Desk,7,67,0.1,422.1,325.7,96.4,Retail
SO001833,2025-03-21,Ibrahim Okafor,Cape Town,Office,Office Chair,2,1565,0.2,2504.0,1510.84,993.16,Retail
SO001834,2022-11-27,Fatima Mensah,New York,Office,Headphones,6,1326,0,7956,5330.97,2625.03,Online
SO001835,2025-12-17,Charles Anderson,Toronto,Computing,Headphones,4,1173,0,4692,2944.89,1747.11,Retail
SO001836,2022-08-16,Mary Mensah,Toronto,Electronics,Keyboard,7,152,0.15,904.4,642.33,262.07,Retail
SO001837,2023-03-23,Emeka Miller,Johannesburg,Office,Headphones,2,1481,0.15,2517.7,1730.29,787.41,Retail
SO001838,2024-03-18,James Davis,Dubai,Electronics,Smartphone,2,950,0,1900,1328.48,571.52,Retail
SO001839,2024-07-08,Mary Ibrahim,Nairobi,Electronics,Printer,3,235,0.2,564.0,408.25,155.75,Wholesale
SO001840,2024-03-09,Fatima Williams,Ibadan,Electronics,Router,7,855,0,5985,4728.05,1256.95,Online
SO001841,2024-10-22,Daniel Brown,Dubai,Mobile,Webcam,5,1335,0,6675,5036.53,1638.47,Wholesale
SO001842,2022-03-24,Linda Adeyemi,Cape Town,Electronics,Printer,3,1651,0.05,4705.35,3820.78,884.57,Retail
SO001843,2023-03-01,Mary Eze,London,Accessories,Laptop,7,232,0.2,1299.2,841.54,457.66,Online
SO001844,2025-07-27,Mary Okafor,Benin City,Electronics,Keyboard,8,1395,0.2,8928.0,7107.86,1820.14,Online
SO001845,2023-12-16,Emeka Smith,Dubai,Computing,Headphones,4,504,0,2016,1175.88,840.12,Retail
SO001846,2023-03-12,James Anderson,Johannesburg,Office,Monitor,1,152,0.05,144.4,109.28,35.12,Online
SO001847,2022-07-08,Blessing Bello,Cape Town,Accessories,Tablet,1,854,0,854,673.39,180.61,Retail
SO001848,2024-08-12,Elizabeth Brown,Kano,Accessories,Office Chair,6,1309,0,7854,6371.65,1482.35,Wholesale
SO001849,2025-06-21,Tunde Anderson,Benin City,Office,Office Chair,7,747,0,5229,3260.43,1968.57,Wholesale
SO001850,2023-11-06,Linda Eze,Abuja,Office,External SSD,5,61,0.15,259.25,199.67,59.58,Retail
SO001851,2025-09-08,Michael Adeyemi,Abuja,Office,Webcam,7,1540,0,10780,8422.68,2357.32,Wholesale
SO001852,2025-08-20,Patricia Bello,Accra,Computing,Monitor,4,1110,0.05,4218.0,2534.52,1683.48,Wholesale
SO001853,2024-08-15,Patricia Adebayo,Toronto,Mobile,USB Hub,1,1154,0,1154,771.79,382.21,Retail
SO001854,2022-02-27,Chinedu Ibrahim,Accra,Mobile,USB Hub,8,234,0.2,1497.6,1080.11,417.49,Retail
SO001855,2023-12-24,Chinedu Bello,Toronto,Electronics,Monitor,1,1189,0.1,1070.1,658.5,411.6,Wholesale
SO001856,2022-05-19,Patricia Brown,London,Computing,Router,5,1406,0,7030,3970.02,3059.98,Online
SO001857,2024-04-27,Linda Wilson,Accra,Office,Router,7,838,0.05,5572.7,3283.34,2289.36,Retail
SO001858,2024-06-30,Ibrahim Williams,London,Accessories,Office Chair,5,1589,0.1,7150.5,4919.58,2230.92,Wholesale
SO001859,2024-09-11,John Anderson,Nairobi,Office,Monitor,2,1231,0,2462,1441.18,1020.82,Online
SO001860,2022-11-06,Barbara Anderson,Cape Town,Computing,Webcam,6,1039,0,6234,3478.46,2755.54,Online
SO001861,2022-09-05,John Brown,Johannesburg,Electronics,Router,5,848,0,4240,2968.15,1271.85,Retail
SO001862,2024-11-07,Mary Smith,Johannesburg,Computing,Mouse,5,1126,0.1,5067.0,3058.35,2008.65,Retail
SO001863,2025-10-17,John Davis,Cape Town,Accessories,Monitor,5,1707,0,8535,6207.41,2327.59,Online
SO001864,2023-01-10,Daniel Eze,Accra,Computing,External SSD,3,759,0.1,2049.3,1465.72,583.58,Online
SO001865,2025-10-20,Michael Adeyemi,London,Mobile,Keyboard,2,1404,0,2808,1830.78,977.22,Wholesale
SO001866,2024-11-03,Jessica Bello,Lagos,Electronics,Printer,2,807,0.15,1371.9,1033.66,338.24,Wholesale
SO001867,2023-02-09,Joseph Johnson,London,Office,Router,8,179,0,1432,1056.75,375.25,Retail
SO001868,2024-07-18,Yusuf Miller,London,Electronics,Webcam,7,280,0.2,1568.0,1251.64,316.36,Wholesale
SO001869,2023-11-09,Charles Ogunleye,New York,Computing,Tablet,5,618,0.05,2935.5,2377.56,557.94,Wholesale
SO001870,2022-06-29,Patricia Adeyemi,Abuja,Accessories,Monitor,5,947,0,4735,2669.63,2065.37,Online
SO001871,2023-06-17,Yusuf Wilson,London,Electronics,USB Hub,4,609,0.1,2192.4,1331.87,860.53,Retail
SO001872,2025-09-28,Aisha Anderson,Cape Town,Computing,Webcam,8,640,0.2,4096.0,2935.27,1160.73,Retail
SO001873,2025-01-11,Jennifer Smith,Dubai,Office,USB Hub,5,541,0,2705,1746.64,958.36,Online
SO001874,2024-06-29,Emeka Ibrahim,New York,Office,Headphones,3,1554,0,4662,3177.71,1484.29,Retail
SO001875,2025-12-26,John Williams,Kano,Electronics,Mouse,5,1680,0.05,7980.0,5236.03,2743.97,Retail
SO001876,2024-10-06,Charles Eze,Dubai,Mobile,Monitor,3,52,0,156,85.97,70.03,Online
SO001877,2023-07-30,Barbara Okafor,Johannesburg,Computing,Monitor,6,595,0.15,3034.5,2243.05,791.45,Wholesale
SO001878,2024-07-28,John Thomas,London,Accessories,Desk,7,696,0.2,3897.6,2560.79,1336.81,Wholesale
SO001879,2024-01-25,Mary Ogunleye,Cape Town,Electronics,Webcam,7,881,0,6167,3650.51,2516.49,Wholesale
SO001880,2025-03-29,David Musa,Accra,Electronics,USB Hub,7,1645,0.2,9212.0,5294.69,3917.31,Online
SO001881,2023-09-03,Patricia Adebayo,Cape Town,Computing,Monitor,1,539,0,539,336.67,202.33,Online
SO001882,2022-07-03,Ngozi Williams,Toronto,Office,External SSD,8,917,0,7336,5521.16,1814.84,Wholesale
SO001883,2025-09-13,Daniel Ibrahim,Dubai,Computing,Monitor,5,152,0,760,433.06,326.94,Online
SO001884,2024-06-06,David Davis,Abuja,Electronics,External SSD,7,1606,0,11242,6875.36,4366.64,Wholesale
SO001885,2025-10-30,Blessing Okafor,London,Accessories,Webcam,5,1085,0,5425,3835.64,1589.36,Wholesale
SO001886,2024-10-12,William Okoye,Toronto,Computing,Keyboard,8,1446,0.05,10989.6,8532.43,2457.17,Online
SO001887,2022-08-16,Sarah Smith,Abuja,Accessories,Power Bank,6,769,0.2,3691.2,2450.18,1241.02,Wholesale
SO001888,2023-02-10,Charles Wilson,Accra,Computing,Power Bank,2,1258,0,2516,1483.2,1032.8,Retail
SO001889,2023-08-27,Susan Wilson,Ibadan,Accessories,Tablet,5,1420,0,7100,5541.68,1558.32,Online
SO001890,2023-04-05,Ada Adeyemi,Ibadan,Accessories,Printer,3,1152,0.15,2937.6,1860.46,1077.14,Wholesale
SO001891,2022-09-29,Daniel Eze,Enugu,Electronics,Router,2,252,0,504,312.59,191.41,Wholesale
SO001892,2024-09-01,Elizabeth Thomas,London,Mobile,Monitor,5,1252,0,6260,4147.54,2112.46,Retail
SO001893,2022-08-10,Yusuf Okafor,Benin City,Mobile,Mouse,7,740,0.05,4921.0,4027.84,893.16,Online
SO001894,2022-03-04,Joseph Brown,Cape Town,Accessories,Webcam,3,366,0,1098,651.4,446.6,Wholesale
SO001895,2023-05-19,Jennifer Williams,Enugu,Mobile,Desk,2,900,0,1800,1464.04,335.96,Wholesale
SO001896,2025-07-10,James Williams,Cape Town,Computing,USB Hub,6,1744,0.15,8894.4,6643.35,2251.05,Online
SO001897,2025-12-31,Sarah Davis,Kano,Accessories,Mouse,6,680,0.05,3876.0,2980.09,895.91,Online
SO001898,2025-05-04,David Johnson,Dubai,Electronics,Laptop,1,559,0,559,428.45,130.55,Retail
SO001899,2025-10-02,David Okoye,Toronto,Mobile,Office Chair,8,953,0,7624,5085.45,2538.55,Online
SO001900,2024-11-29,Robert Davis,Lagos,Electronics,Router,2,1613,0,3226,2099.99,1126.01,Retail
SO001901,2023-12-20,Elizabeth Johnson,New York,Computing,Smartphone,3,1244,0.05,3545.4,2244.29,1301.11,Wholesale
SO001902,2022-07-11,Elizabeth Smith,Toronto,Mobile,Laptop,6,406,0.15,2070.6,1486.9,583.7,Retail
SO001903,2023-12-02,Aisha Eze,Dubai,Electronics,Tablet,2,1458,0,2916,1645.3,1270.7,Online
SO001904,2022-09-04,Thomas Williams,Kano,Accessories,Printer,1,348,0.1,313.2,208.39,104.81,Online
SO001905,2024-05-30,Daniel Eze,Lagos,Electronics,USB Hub,4,1676,0.1,6033.6,4272.03,1761.57,Online
SO001906,2024-12-05,Daniel Anderson,New York,Electronics,Desk,5,1221,0.2,4884.0,3765.27,1118.73,Online
SO001907,2025-03-29,David Mensah,Accra,Computing,Mouse,2,1550,0.05,2945.0,2025.88,919.12,Wholesale
SO001908,2022-01-26,Fatima Johnson,Cape Town,Office,Headphones,6,868,0,5208,2910.25,2297.75,Wholesale
SO001909,2025-06-08,John Okoye,New York,Mobile,Headphones,5,612,0,3060,2023.08,1036.92,Wholesale
SO001910,2022-08-09,Blessing Williams,Toronto,Mobile,Tablet,6,1680,0.15,8568.0,4725.8,3842.2,Wholesale
SO001911,2024-10-22,Ada Bello,Lagos,Mobile,Power Bank,2,627,0,1254,750.56,503.44,Online
SO001912,2024-05-18,Tunde Thomas,Toronto,Electronics,Mouse,1,84,0.15,71.4,49.07,22.33,Wholesale
SO001913,2022-09-23,Mary Wilson,Kano,Office,Headphones,8,939,0.05,7136.4,5599.06,1537.34,Retail
SO001914,2023-12-26,Robert Miller,Cape Town,Mobile,Power Bank,1,801,0,801,611.35,189.65,Wholesale
SO001915,2025-06-09,Ada Ogunleye,Toronto,Electronics,Keyboard,7,393,0.05,2613.45,2031.01,582.44,Wholesale
SO001916,2023-07-17,Joseph Ibrahim,Johannesburg,Computing,Router,7,734,0.2,4110.4,2539.82,1570.58,Online
SO001917,2025-06-17,Patricia Okafor,Kano,Office,Monitor,4,184,0.15,625.6,384.46,241.14,Online
SO001918,2024-11-21,John Brown,Johannesburg,Accessories,Laptop,4,1751,0,7004,5230.67,1773.33,Online
SO001919,2024-02-25,Susan Okafor,Toronto,Mobile,Power Bank,8,680,0.1,4896.0,2789.56,2106.44,Wholesale
SO001920,2022-03-17,Michael Musa,Cape Town,Electronics,Desk,3,125,0,375,279.18,95.82,Wholesale
SO001921,2022-11-05,Robert Johnson,Lagos,Office,Webcam,8,1002,0.1,7214.4,5136.97,2077.43,Wholesale
SO001922,2023-11-17,Robert Eze,London,Office,Router,6,1701,0.05,9695.7,7825.93,1869.77,Online
SO001923,2024-06-09,Thomas Bello,Kano,Computing,Headphones,7,1442,0.15,8579.9,5260.72,3319.18,Wholesale
SO001924,2022-01-13,Ibrahim Anderson,Ibadan,Electronics,Webcam,4,1097,0.1,3949.2,3168.02,781.18,Wholesale
SO001925,2022-02-10,Chinedu Williams,New York,Office,Laptop,1,183,0.15,155.55,126.07,29.48,Wholesale
SO001926,2022-09-24,Chinedu Anderson,Nairobi,Office,Smartphone,3,804,0.1,2170.8,1769.24,401.56,Retail
SO001927,2022-01-03,Charles Brown,Kano,Office,Office Chair,6,1340,0.2,6432.0,3572.77,2859.23,Wholesale
SO001928,2024-02-15,Jessica Jones,Kano,Office,Monitor,7,159,0.05,1057.35,600.14,457.21,Wholesale
SO001929,2022-05-29,William Anderson,Johannesburg,Office,Smartphone,1,387,0,387,252.81,134.19,Wholesale
SO001930,2024-05-19,Mary Musa,Enugu,Office,Smartphone,8,101,0.15,686.8,455.82,230.98,Online
SO001931,2022-06-05,Sarah Johnson,Toronto,Office,Keyboard,6,1623,0.15,8277.3,5183.22,3094.08,Retail
SO001932,2024-02-03,Chinedu Eze,Lagos,Computing,Monitor,4,624,0,2496,1954.67,541.33,Wholesale
SO001933,2023-10-11,Jennifer Thomas,Toronto,Office,Headphones,7,588,0.1,3704.4,2512.18,1192.22,Retail
SO001934,2023-08-04,Emeka Davis,Accra,Mobile,Desk,7,1713,0.1,10791.9,8690.74,2101.16,Online
SO001935,2025-08-08,Blessing Musa,Kano,Office,Laptop,3,1134,0.1,3061.8,1693.72,1368.08,Wholesale
SO001936,2024-05-25,Patricia Musa,Kano,Computing,Keyboard,8,1542,0,12336,7647.61,4688.39,Retail
SO001937,2023-03-18,Joseph Musa,Benin City,Computing,Webcam,8,557,0.1,4010.4,2388.68,1621.72,Retail
SO001938,2024-03-31,Elizabeth Wilson,Benin City,Electronics,Desk,2,1006,0.05,1911.4,1329.33,582.07,Online
SO001939,2025-06-27,Jennifer Thomas,Cape Town,Computing,Mouse,8,458,0.2,2931.2,2276.91,654.29,Online
SO001940,2024-11-18,David Johnson,New York,Accessories,Keyboard,4,1543,0.05,5863.4,4501.89,1361.51,Retail
SO001941,2024-05-30,William Adeyemi,Ibadan,Office,Laptop,8,55,0.05,418.0,312.51,105.49,Retail
SO001942,2025-06-27,Joseph Okoye,Port Harcourt,Office,Monitor,7,1501,0,10507,6825.98,3681.02,Wholesale
SO001943,2022-05-23,Aisha Adeyemi,Benin City,Computing,USB Hub,4,562,0,2248,1795.25,452.75,Retail
SO001944,2022-04-18,Daniel Miller,Cape Town,Electronics,Monitor,5,78,0.15,331.5,198.18,133.32,Retail
SO001945,2022-08-05,Sarah Ibrahim,Port Harcourt,Mobile,Webcam,7,398,0.2,2228.8,1700.45,528.35,Retail
SO001946,2022-01-16,Blessing Okoye,London,Computing,Webcam,3,1568,0,4704,2646.73,2057.27,Retail
SO001947,2024-03-07,John Brown,Toronto,Computing,Monitor,2,1183,0,2366,1511.95,854.05,Retail
SO001948,2024-10-28,Robert Musa,Benin City,Electronics,Headphones,7,648,0.1,4082.4,2880.95,1201.45,Online
SO001949,2023-07-31,Barbara Brown,London,Computing,Mouse,6,1677,0.2,8049.6,5254.29,2795.31,Online
SO001950,2025-02-22,Ada Adeyemi,Port Harcourt,Mobile,USB Hub,5,1429,0.1,6430.5,4421.71,2008.79,Wholesale
SO001951,2025-03-10,David Jones,Nairobi,Mobile,Power Bank,3,578,0,1734,1203.42,530.58,Online
SO001952,2025-01-18,Blessing Bello,Toronto,Computing,USB Hub,3,437,0,1311,944.07,366.93,Retail
SO001953,2024-06-18,David Jones,Ibadan,Computing,Smartphone,1,1527,0.1,1374.3,870.49,503.81,Retail
SO001954,2025-05-13,Blessing Musa,Benin City,Accessories,USB Hub,4,1640,0,6560,5123.06,1436.94,Retail
SO001955,2023-01-19,Joseph Okafor,Ibadan,Accessories,Desk,1,1556,0,1556,914.25,641.75,Wholesale
SO001956,2025-08-08,Elizabeth Ogunleye,Johannesburg,Mobile,External SSD,1,732,0.15,622.2,401.78,220.42,Wholesale
SO001957,2023-08-27,Elizabeth Williams,Port Harcourt,Office,Smartphone,3,753,0,2259,1821.45,437.55,Wholesale
SO001958,2024-03-11,Joseph Smith,London,Electronics,Tablet,5,1596,0.15,6783.0,3812.77,2970.23,Wholesale
SO001959,2023-01-11,Patricia Williams,Abuja,Mobile,Power Bank,5,1421,0.2,5684.0,4458.5,1225.5,Wholesale
SO001960,2023-10-31,Fatima Smith,Enugu,Electronics,Power Bank,4,473,0,1892,1485.17,406.83,Retail
SO001961,2025-11-02,Yusuf Jones,Johannesburg,Accessories,Headphones,8,760,0.2,4864.0,3803.27,1060.73,Online
SO001962,2025-04-10,Michael Eze,Johannesburg,Accessories,Mouse,1,365,0.05,346.75,227.92,118.83,Retail
SO001963,2024-11-02,Linda Eze,Ibadan,Accessories,Office Chair,6,446,0.2,2140.8,1586.47,554.33,Retail
SO001964,2022-06-16,Ibrahim Miller,Lagos,Office,Mouse,7,1175,0.05,7813.75,4974.94,2838.81,Online
SO001965,2022-09-30,Karen Ibrahim,Ibadan,Mobile,Desk,3,1261,0.15,3215.55,2613.67,601.88,Online
SO001966,2023-06-03,Blessing Musa,Ibadan,Accessories,Tablet,7,1420,0.15,8449.0,5303.55,3145.45,Wholesale
SO001967,2024-02-04,Ada Ogunleye,Accra,Computing,Keyboard,1,702,0,702,486.95,215.05,Online
SO001968,2022-04-29,Barbara Brown,Dubai,Accessories,Monitor,7,1017,0,7119,4821.59,2297.41,Online
SO001969,2025-12-06,Joseph Davis,Nairobi,Mobile,Office Chair,2,1692,0,3384,2520.71,863.29,Wholesale
SO001970,2024-06-05,David Eze,London,Computing,Laptop,2,980,0,1960,1154.29,805.71,Retail
SO001971,2023-12-26,Mary Adebayo,Johannesburg,Computing,Printer,6,1408,0.15,7180.8,5639.99,1540.81,Retail
SO001972,2023-06-26,John Anderson,Kano,Accessories,Smartphone,3,747,0.05,2128.95,1292.92,836.03,Online
SO001973,2023-10-23,Linda Anderson,Port Harcourt,Office,USB Hub,7,1488,0.05,9895.2,5721.27,4173.93,Wholesale
SO001974,2023-12-22,Ngozi Miller,Toronto,Office,Tablet,7,834,0.05,5546.1,4019.79,1526.31,Wholesale
SO001975,2022-08-14,Linda Okoye,Ibadan,Electronics,Keyboard,1,1297,0,1297,995.78,301.22,Wholesale
SO001976,2023-09-02,Yusuf Anderson,New York,Mobile,Power Bank,8,1439,0.05,10936.4,6332.46,4603.94,Retail
SO001977,2022-08-19,Charles Anderson,Benin City,Accessories,External SSD,4,1076,0.2,3443.2,2487.6,955.6,Online
SO001978,2022-08-27,Sarah Brown,Johannesburg,Office,Tablet,5,1696,0.05,8056.0,6519.6,1536.4,Online
SO001979,2025-03-01,Blessing Miller,Enugu,Electronics,Laptop,1,454,0.2,363.2,212.49,150.71,Online
SO001980,2022-02-05,Ada Anderson,Johannesburg,Accessories,Headphones,1,58,0.05,55.1,34.17,20.93,Online
SO001981,2022-02-20,Barbara Okafor,Benin City,Mobile,Keyboard,7,57,0,399,266.8,132.2,Retail
SO001982,2024-08-27,Thomas Ogunleye,Cape Town,Computing,Smartphone,4,473,0.15,1608.2,1306.44,301.76,Online
SO001983,2025-06-15,Ngozi Eze,Dubai,Computing,USB Hub,8,1345,0.2,8608.0,4756.38,3851.62,Online
SO001984,2024-07-21,Emeka Thomas,Dubai,Office,Router,2,800,0.1,1440.0,1008.15,431.85,Retail
SO001985,2022-12-10,Linda Thomas,Port Harcourt,Office,Webcam,2,1320,0.15,2244.0,1397.35,846.65,Wholesale
SO001986,2025-02-13,Charles Bello,Kano,Office,Monitor,2,47,0.05,89.3,50.65,38.65,Wholesale
SO001987,2023-04-21,Joseph Smith,Lagos,Mobile,Office Chair,4,1673,0,6692,5474.01,1217.99,Wholesale
SO001988,2024-11-28,William Anderson,Ibadan,Electronics,USB Hub,2,547,0.15,929.9,706.01,223.89,Retail
SO001989,2023-10-18,Barbara Musa,Lagos,Office,Router,3,603,0,1809,1406.46,402.54,Retail
SO001990,2022-07-10,James Thomas,Cape Town,Mobile,Desk,8,1369,0.2,8761.6,5687.89,3073.71,Wholesale
SO001991,2023-06-27,Susan Okoye,Ibadan,Electronics,Mouse,3,416,0,1248,747.21,500.79,Retail
SO001992,2024-02-07,Tunde Johnson,Lagos,Accessories,Webcam,7,1457,0,10199,7376.9,2822.1,Online
SO001993,2022-12-14,Patricia Miller,Port Harcourt,Accessories,Office Chair,6,586,0.15,2988.6,2182.06,806.54,Online
SO001994,2023-02-22,Thomas Adebayo,Dubai,Computing,Headphones,5,465,0,2325,1786.55,538.45,Online
SO001995,2023-08-11,Chinedu Wilson,Cape Town,Mobile,USB Hub,8,367,0.1,2642.4,1559.73,1082.67,Retail
SO001996,2023-04-04,Michael Okafor,Ibadan,Accessories,Office Chair,1,1295,0,1295,832.06,462.94,Retail
SO001997,2025-10-21,Sarah Ibrahim,London,Office,Laptop,6,575,0,3450,2291.94,1158.06,Online
SO001998,2023-05-29,David Adebayo,Benin City,Mobile,Laptop,7,35,0.05,232.75,128.16,104.59,Wholesale
SO001999,2023-10-25,Karen Miller,Cape Town,Mobile,Monitor,7,1610,0,11270,8191.0,3079.0,Wholesale
SO002000,2022-11-30,Emeka Okafor,Abuja,Mobile,Mouse,4,902,0,3608,2926.66,681.34,Online
SO002001,2022-06-17,Jessica Williams,Toronto,Mobile,Router,7,1550,0.1,9765.0,5586.07,4178.93,Online
SO002002,2024-08-07,John Ogunleye,Lagos,Accessories,Office Chair,7,1608,0.2,9004.8,6002.41,3002.39,Retail
SO002003,2023-01-07,Aisha Musa,Accra,Office,Smartphone,6,1007,0.05,5739.9,4006.75,1733.15,Retail
SO002004,2022-05-14,Charles Okoye,Cape Town,Office,Power Bank,2,449,0,898,696.36,201.64,Online
SO002005,2025-03-20,Jennifer Davis,Enugu,Computing,USB Hub,1,1298,0.1,1168.2,754.27,413.93,Wholesale
SO002006,2024-09-08,Chinedu Okoye,Toronto,Electronics,External SSD,7,1783,0.2,9984.8,6318.54,3666.26,Online
SO002007,2024-04-27,Emeka Miller,Toronto,Computing,Router,2,1788,0,3576,2109.36,1466.64,Retail
SO002008,2025-04-22,Linda Musa,Lagos,Mobile,Webcam,1,832,0.05,790.4,574.93,215.47,Online
SO002009,2022-05-07,Emeka Anderson,Accra,Accessories,Printer,7,473,0.15,2814.35,2280.39,533.96,Retail
SO002010,2025-05-08,Jennifer Okoye,New York,Office,Laptop,4,1149,0.05,4366.2,2746.07,1620.13,Online
SO002011,2024-01-10,Chinedu Ibrahim,Cape Town,Office,Power Bank,1,553,0,553,446.56,106.44,Online
SO002012,2024-06-26,Chinedu Williams,Benin City,Computing,Smartphone,5,1391,0.1,6259.5,4540.19,1719.31,Wholesale
SO002013,2023-07-16,Thomas Bello,Benin City,Computing,Smartphone,3,1636,0.1,4417.2,3186.4,1230.8,Online
SO002014,2023-06-23,Karen Williams,Benin City,Mobile,Tablet,6,714,0.2,3427.2,1997.13,1430.07,Wholesale
SO002015,2025-11-19,Sarah Ibrahim,London,Electronics,Desk,5,1452,0.2,5808.0,4067.11,1740.89,Wholesale
SO002016,2024-08-23,Jessica Mensah,Ibadan,Computing,Printer,5,950,0.1,4275.0,3280.95,994.05,Wholesale
SO002017,2023-03-06,Thomas Thomas,Cape Town,Computing,Office Chair,6,1642,0,9852,7947.6,1904.4,Wholesale
SO002018,2023-11-06,Daniel Williams,Ibadan,Electronics,Router,5,1145,0,5725,4553.57,1171.43,Online
SO002019,2023-11-25,Patricia Mensah,Cape Town,Computing,External SSD,6,978,0.2,4694.4,2972.37,1722.03,Online
SO002020,2025-10-11,Linda Ogunleye,Cape Town,Electronics,Headphones,8,858,0.05,6520.8,3623.31,2897.49,Retail
SO002021,2024-03-21,Aisha Ibrahim,Lagos,Accessories,Mouse,1,1330,0,1330,824.5,505.5,Online
SO002022,2025-05-30,Ibrahim Jones,Port Harcourt,Computing,Office Chair,4,310,0.05,1178.0,699.61,478.39,Online
SO002023,2022-04-29,Ibrahim Mensah,Enugu,Office,Headphones,6,924,0.15,4712.4,2872.43,1839.97,Online
SO002024,2025-07-10,William Smith,Nairobi,Computing,Headphones,4,248,0.05,942.4,543.79,398.61,Wholesale
SO002025,2022-02-17,Elizabeth Jones,Kano,Office,Webcam,2,638,0,1276,839.41,436.59,Wholesale
SO002026,2023-12-01,Daniel Mensah,Dubai,Office,Smartphone,2,496,0.1,892.8,654.71,238.09,Online
SO002027,2025-10-04,Daniel Eze,Port Harcourt,Office,Tablet,4,729,0.2,2332.8,1539.1,793.7,Retail
SO002028,2023-07-30,Jessica Adeyemi,Dubai,Mobile,Printer,2,530,0.2,848.0,603.93,244.07,Online
SO002029,2025-10-16,Ada Mensah,Cape Town,Electronics,External SSD,4,1512,0,6048,4104.66,1943.34,Retail
SO002030,2023-04-04,Sarah Okoye,Enugu,Electronics,Router,4,266,0,1064,658.89,405.11,Retail
SO002031,2022-11-08,Elizabeth Mensah,Toronto,Office,Power Bank,3,148,0.05,421.8,283.21,138.59,Online
SO002032,2023-12-11,Mary Wilson,Ibadan,Computing,Office Chair,2,362,0.1,651.6,472.61,178.99,Wholesale
SO002033,2022-11-11,Linda Thomas,Lagos,Electronics,Router,2,1023,0.05,1943.7,1524.54,419.16,Online
SO002034,2025-06-19,Yusuf Anderson,Toronto,Office,Office Chair,7,1367,0.05,9090.55,6914.54,2176.01,Retail
SO002035,2022-06-03,Elizabeth Williams,Benin City,Office,Tablet,6,1453,0.1,7846.2,4930.56,2915.64,Online
SO002036,2025-09-15,Ngozi Anderson,Accra,Accessories,Headphones,7,1331,0,9317,6110.56,3206.44,Wholesale
SO002037,2024-04-25,Emeka Adeyemi,Dubai,Office,Smartphone,5,1650,0,8250,5823.82,2426.18,Wholesale
SO002038,2022-06-23,Robert Adeyemi,Nairobi,Electronics,Power Bank,7,450,0.05,2992.5,2402.15,590.35,Wholesale
SO002039,2022-08-22,Karen Okafor,Accra,Accessories,USB Hub,7,244,0,1708,1285.71,422.29,Online
SO002040,2024-01-15,Robert Ogunleye,Nairobi,Electronics,Office Chair,1,656,0.1,590.4,352.63,237.77,Retail
SO002041,2023-08-27,Jennifer Wilson,London,Accessories,Monitor,1,882,0.15,749.7,543.01,206.69,Retail
SO002042,2023-11-19,Daniel Bello,Lagos,Accessories,Printer,3,1111,0,3333,2590.23,742.77,Online
SO002043,2022-10-20,Patricia Bello,Accra,Office,Mouse,3,197,0,591,448.87,142.13,Online
SO002044,2023-02-01,William Adebayo,Accra,Computing,Desk,5,1327,0.05,6303.25,3577.43,2725.82,Wholesale
SO002045,2022-04-24,Jessica Smith,Port Harcourt,Accessories,Laptop,1,215,0.15,182.75,135.32,47.43,Online
SO002046,2025-07-25,Daniel Williams,Ibadan,Computing,Headphones,8,1759,0.05,13368.4,7606.82,5761.58,Online
SO002047,2024-02-15,William Brown,Nairobi,Computing,Headphones,5,1602,0.05,7609.5,6144.98,1464.52,Wholesale
SO002048,2025-04-02,Ngozi Bello,Ibadan,Mobile,External SSD,4,392,0,1568,959.04,608.96,Online
SO002049,2025-02-24,Linda Thomas,Enugu,Computing,Office Chair,7,1573,0.15,9359.35,5280.7,4078.65,Online
SO002050,2024-02-05,Jennifer Adebayo,Nairobi,Office,Monitor,2,194,0.1,349.2,254.5,94.7,Wholesale
SO002051,2023-01-25,Patricia Adeyemi,Benin City,Electronics,Mouse,1,70,0.15,59.5,35.95,23.55,Wholesale
SO002052,2022-04-18,Jessica Smith,London,Mobile,Smartphone,5,659,0.2,2636.0,1777.01,858.99,Online
SO002053,2025-08-19,William Smith,Nairobi,Accessories,USB Hub,1,809,0.15,687.65,488.94,198.71,Online
SO002054,2022-03-30,David Anderson,Lagos,Mobile,Laptop,3,623,0,1869,1240.59,628.41,Retail
SO002055,2022-08-07,James Okafor,Toronto,Mobile,Office Chair,6,435,0.1,2349.0,1477.84,871.16,Wholesale
SO002056,2022-11-17,Daniel Okafor,New York,Electronics,USB Hub,2,775,0,1550,993.21,556.79,Retail
SO002057,2024-08-28,Ngozi Adeyemi,Johannesburg,Mobile,Printer,7,1547,0.1,9746.1,6300.0,3446.1,Online
SO002058,2025-10-09,Tunde Ogunleye,Ibadan,Computing,Router,3,1599,0,4797,2765.97,2031.03,Wholesale
SO002059,2023-12-25,Jessica Ogunleye,Johannesburg,Office,Webcam,3,42,0.2,100.8,73.6,27.2,Retail
SO002060,2024-10-15,Ngozi Bello,Dubai,Mobile,Desk,8,841,0.15,5718.8,3696.05,2022.75,Retail
SO002061,2025-06-11,Robert Bello,Nairobi,Office,Tablet,6,1720,0.2,8256.0,6085.72,2170.28,Wholesale
SO002062,2022-11-10,Robert Wilson,Toronto,Office,Office Chair,6,604,0.15,3080.4,1915.09,1165.31,Online
SO002063,2023-11-09,Yusuf Johnson,New York,Office,USB Hub,2,455,0,910,710.19,199.81,Retail
SO002064,2024-04-23,David Mensah,Ibadan,Electronics,Monitor,3,1210,0,3630,2955.93,674.07,Wholesale
SO002065,2023-11-22,Robert Williams,Cape Town,Computing,Smartphone,2,794,0,1588,1047.68,540.32,Online
SO002066,2023-06-24,Joseph Adebayo,Accra,Accessories,Office Chair,8,119,0.05,904.4,558.28,346.12,Wholesale
SO002067,2024-09-01,Blessing Ibrahim,Cape Town,Computing,Office Chair,7,1604,0.2,8982.4,6180.41,2801.99,Online
SO002068,2022-10-01,Karen Bello,Port Harcourt,Computing,Router,5,120,0.1,540.0,389.83,150.17,Online
SO002069,2023-11-09,Patricia Johnson,Benin City,Mobile,External SSD,1,1797,0,1797,1251.0,546.0,Online
SO002070,2023-11-28,Charles Bello,Cape Town,Electronics,External SSD,6,892,0.15,4549.2,2670.71,1878.49,Retail
SO002071,2022-09-19,Mary Musa,Cape Town,Accessories,Smartphone,2,986,0,1972,1536.67,435.33,Wholesale
SO002072,2023-09-07,Susan Jones,Ibadan,Mobile,Router,7,494,0,3458,2018.26,1439.74,Online
SO002073,2024-05-05,Ibrahim Adeyemi,Nairobi,Electronics,Desk,5,293,0.1,1318.5,1011.84,306.66,Online
SO002074,2024-08-31,Ngozi Wilson,Johannesburg,Electronics,Headphones,4,312,0.15,1060.8,798.5,262.3,Online
SO002075,2023-10-23,Chinedu Miller,Kano,Computing,Mouse,3,304,0.1,820.8,651.53,169.27,Online
SO002076,2022-11-10,Emeka Davis,Enugu,Computing,Printer,6,282,0,1692,1252.96,439.04,Online
SO002077,2022-01-13,Robert Brown,Lagos,Office,Power Bank,8,1188,0.15,8078.4,5075.1,3003.3,Retail
SO002078,2024-10-14,Patricia Wilson,New York,Computing,External SSD,3,1722,0.15,4391.1,3426.8,964.3,Wholesale
SO002079,2023-03-28,Elizabeth Ibrahim,Cape Town,Accessories,Monitor,2,128,0.2,204.8,132.44,72.36,Retail
SO002080,2023-01-21,Blessing Anderson,Cape Town,Computing,Printer,1,795,0,795,561.2,233.8,Retail
SO002081,2023-10-14,Ngozi Mensah,Accra,Computing,Tablet,6,1250,0.15,6375.0,4795.22,1579.78,Retail
SO002082,2022-12-22,John Brown,Kano,Electronics,Webcam,6,1391,0,8346,6843.58,1502.42,Online
SO002083,2022-03-04,Robert Mensah,Johannesburg,Electronics,Office Chair,5,1370,0,6850,4565.27,2284.73,Online
SO002084,2025-10-28,Ngozi Jones,Dubai,Office,Tablet,4,1317,0.15,4477.8,3264.27,1213.53,Wholesale
SO002085,2025-12-07,William Okafor,Johannesburg,Computing,Mouse,2,1652,0.15,2808.4,1809.64,998.76,Online
SO002086,2025-05-31,Jessica Adeyemi,Toronto,Office,External SSD,4,1786,0,7144,4996.23,2147.77,Online
SO002087,2023-11-13,John Okafor,Enugu,Accessories,Desk,2,1678,0,3356,2497.39,858.61,Wholesale
SO002088,2025-08-15,Thomas Eze,Enugu,Office,Router,5,347,0.15,1474.75,1056.36,418.39,Wholesale
SO002089,2024-12-29,Fatima Thomas,Kano,Electronics,Power Bank,2,815,0.1,1467.0,808.88,658.12,Online
SO002090,2024-12-18,Jennifer Williams,Enugu,Mobile,Mouse,7,1419,0.1,8939.7,7067.74,1871.96,Wholesale
SO002091,2023-09-09,Aisha Anderson,New York,Computing,Desk,2,305,0.1,549.0,383.16,165.84,Wholesale
SO002092,2024-09-18,Barbara Musa,New York,Computing,Smartphone,3,1420,0.15,3621.0,2563.02,1057.98,Online
SO002093,2022-04-25,Susan Mensah,Enugu,Computing,Mouse,4,201,0,804,521.94,282.06,Wholesale
SO002094,2025-03-01,Robert Johnson,Nairobi,Accessories,Monitor,4,1043,0.05,3963.4,2667.63,1295.77,Wholesale
SO002095,2023-01-25,Charles Davis,Cape Town,Office,Keyboard,6,130,0.05,741.0,500.59,240.41,Wholesale
SO002096,2022-08-25,Elizabeth Jones,Benin City,Mobile,Laptop,5,335,0.1,1507.5,1034.53,472.97,Wholesale
SO002097,2025-08-13,Karen Ibrahim,Johannesburg,Accessories,Headphones,3,985,0.15,2511.75,1603.25,908.5,Retail
SO002098,2025-12-22,Chinedu Ibrahim,Cape Town,Office,Smartphone,7,813,0,5691,3859.54,1831.46,Online
SO002099,2025-08-11,Emeka Thomas,Abuja,Office,Office Chair,1,1338,0.1,1204.2,764.17,440.03,Retail
SO002100,2023-01-15,David Ibrahim,London,Accessories,Keyboard,2,34,0,68,49.76,18.24,Retail
SO002101,2025-12-10,Joseph Bello,Ibadan,Accessories,USB Hub,6,166,0.2,796.8,518.58,278.22,Wholesale
SO002102,2023-07-17,Linda Brown,New York,Computing,Power Bank,3,22,0.2,52.8,34.61,18.19,Retail
SO002103,2025-03-22,Fatima Thomas,Lagos,Accessories,External SSD,6,901,0,5406,4130.49,1275.51,Retail
SO002104,2022-03-22,Mary Adebayo,Enugu,Computing,USB Hub,6,506,0,3036,1972.53,1063.47,Retail
SO002105,2023-04-11,Karen Williams,Ibadan,Electronics,Power Bank,3,249,0.1,672.3,400.86,271.44,Wholesale
SO002106,2023-02-10,Joseph Johnson,Dubai,Electronics,Laptop,1,94,0.15,79.9,50.62,29.28,Wholesale
SO002107,2023-07-24,Robert Bello,Kano,Mobile,Power Bank,2,341,0.1,613.8,354.97,258.83,Retail
SO002108,2025-12-30,Linda Mensah,Lagos,Electronics,Monitor,8,1497,0.1,10778.4,7150.62,3627.78,Online
SO002109,2024-01-20,Blessing Thomas,Accra,Mobile,Tablet,3,1440,0.15,3672.0,2025.81,1646.19,Retail
SO002110,2022-09-15,Linda Musa,Enugu,Electronics,USB Hub,7,759,0.15,4516.05,2966.28,1549.77,Retail
SO002111,2023-04-08,Emeka Thomas,Kano,Accessories,Mouse,3,1139,0.15,2904.45,1649.3,1255.15,Online
SO002112,2025-09-17,Jennifer Anderson,Accra,Accessories,External SSD,7,139,0.2,778.4,435.84,342.56,Wholesale
SO002113,2022-07-06,Tunde Brown,Nairobi,Mobile,Mouse,1,1036,0.05,984.2,728.19,256.01,Wholesale
SO002114,2023-06-20,Jennifer Williams,Kano,Mobile,Smartphone,4,830,0,3320,2720.41,599.59,Retail
SO002115,2024-12-16,Thomas Brown,Ibadan,Office,USB Hub,7,1170,0,8190,5019.5,3170.5,Wholesale
SO002116,2022-08-26,Sarah Brown,Benin City,Computing,USB Hub,6,1119,0.05,6378.3,4010.29,2368.01,Online
SO002117,2024-01-04,Blessing Brown,Kano,Mobile,USB Hub,8,460,0,3680,2591.39,1088.61,Retail
SO002118,2023-05-10,Jennifer Davis,Accra,Computing,Smartphone,1,413,0.05,392.35,321.26,71.09,Online
SO002119,2024-01-23,Blessing Jones,New York,Accessories,Headphones,6,135,0,810,635.6,174.4,Retail
SO002120,2025-01-30,Chinedu Smith,Enugu,Office,Tablet,7,1328,0.2,7436.8,5562.66,1874.14,Wholesale
SO002121,2023-06-19,Jennifer Thomas,New York,Mobile,Headphones,5,1697,0,8485,6075.2,2409.8,Retail
SO002122,2022-06-11,Aisha Smith,Dubai,Mobile,Smartphone,2,784,0,1568,1076.32,491.68,Online
SO002123,2024-01-18,Jessica Musa,Benin City,Accessories,External SSD,4,1126,0,4504,3292.6,1211.4,Retail
SO002124,2022-08-23,Yusuf Adebayo,Enugu,Accessories,USB Hub,7,1341,0,9387,5551.4,3835.6,Online
SO002125,2023-05-11,James Musa,Johannesburg,Computing,Monitor,2,1370,0.05,2603.0,1617.65,985.35,Online
SO002126,2024-06-14,Mary Thomas,Abuja,Mobile,Headphones,1,1369,0.05,1300.55,921.92,378.63,Retail
SO002127,2023-10-31,Ada Adebayo,Accra,Computing,Mouse,7,216,0.15,1285.2,891.43,393.77,Online
SO002128,2023-06-11,Aisha Ibrahim,Nairobi,Electronics,Office Chair,7,318,0.05,2114.7,1187.18,927.52,Retail
SO002129,2024-07-21,Michael Ogunleye,Dubai,Office,Desk,6,1541,0.15,7859.1,4491.72,3367.38,Online
SO002130,2023-03-25,Tunde Musa,London,Mobile,External SSD,6,96,0.2,460.8,325.13,135.67,Online
SO002131,2022-12-11,Chinedu Anderson,Kano,Electronics,Webcam,2,1572,0,3144,2430.7,713.3,Online
SO002132,2024-12-29,David Adeyemi,Ibadan,Accessories,Power Bank,1,1609,0.1,1448.1,905.43,542.67,Retail
SO002133,2025-11-29,Jessica Davis,Nairobi,Computing,Tablet,2,307,0.1,552.6,450.81,101.79,Online
SO002134,2023-03-06,John Smith,London,Computing,Monitor,6,1042,0.15,5314.2,3117.91,2196.29,Retail
SO002135,2023-10-02,William Ogunleye,Benin City,Office,Headphones,7,499,0.15,2969.05,2227.18,741.87,Wholesale
SO002136,2023-04-11,Charles Ogunleye,Nairobi,Accessories,Router,4,1075,0.15,3655.0,2077.27,1577.73,Wholesale
SO002137,2022-09-19,Patricia Bello,Cape Town,Computing,Desk,1,1168,0.15,992.8,643.57,349.23,Online
SO002138,2025-05-05,Barbara Ogunleye,Dubai,Accessories,Power Bank,1,1422,0,1422,1161.54,260.46,Online
SO002139,2024-07-20,Daniel Bello,Lagos,Mobile,Office Chair,8,1639,0.1,11800.8,7965.21,3835.59,Retail
SO002140,2023-01-15,John Ibrahim,Toronto,Office,USB Hub,5,1035,0.05,4916.25,3084.68,1831.57,Retail
SO002141,2025-07-14,Aisha Jones,Port Harcourt,Computing,Printer,4,1537,0.15,5225.8,3894.5,1331.3,Retail
SO002142,2025-06-19,Linda Adeyemi,Ibadan,Computing,Keyboard,3,103,0.2,247.2,136.2,111.0,Wholesale
SO002143,2024-01-18,Emeka Smith,Dubai,Office,Tablet,8,268,0.1,1929.6,1466.59,463.01,Retail
SO002144,2023-08-29,Ngozi Eze,New York,Accessories,Laptop,1,789,0,789,597.52,191.48,Wholesale
SO002145,2024-01-15,Sarah Williams,Cape Town,Mobile,Webcam,3,1008,0.2,2419.2,1398.0,1021.2,Retail
SO002146,2024-06-17,Daniel Johnson,London,Office,Printer,8,626,0.15,4256.8,2439.86,1816.94,Retail
SO002147,2024-12-15,Yusuf Johnson,Toronto,Office,External SSD,5,1131,0.05,5372.25,3369.3,2002.95,Wholesale
SO002148,2025-01-13,Chinedu Thomas,Abuja,Office,Router,4,1195,0,4780,3357.66,1422.34,Wholesale
SO002149,2022-05-12,Daniel Wilson,Port Harcourt,Electronics,Desk,1,1666,0.05,1582.7,878.19,704.51,Retail
SO002150,2024-11-12,Emeka Musa,Abuja,Electronics,External SSD,1,1712,0.2,1369.6,885.93,483.67,Wholesale
SO002151,2024-04-18,Yusuf Bello,Port Harcourt,Mobile,Laptop,8,1610,0.2,10304.0,5820.12,4483.88,Online
SO002152,2022-12-22,Robert Johnson,Cape Town,Accessories,Tablet,1,1278,0.15,1086.3,602.95,483.35,Wholesale
SO002153,2025-09-16,Yusuf Ogunleye,Cape Town,Office,Keyboard,5,1233,0.1,5548.5,3727.57,1820.93,Online
SO002154,2024-07-30,William Okafor,London,Office,Tablet,4,1775,0,7100,4847.11,2252.89,Retail
SO002155,2025-01-23,Joseph Okoye,Ibadan,Mobile,Power Bank,5,999,0.15,4245.75,2983.36,1262.39,Wholesale
SO002156,2023-06-07,David Thomas,Cape Town,Mobile,Router,5,1076,0,5380,3241.47,2138.53,Retail
SO002157,2025-10-25,Patricia Jones,New York,Mobile,Power Bank,5,339,0.2,1356.0,855.2,500.8,Retail
SO002158,2022-01-04,Ada Adeyemi,Enugu,Office,Power Bank,2,1325,0.1,2385.0,1779.61,605.39,Online
SO002159,2023-09-18,Emeka Adebayo,Dubai,Electronics,Router,4,907,0.15,3083.8,1706.68,1377.12,Retail
SO002160,2022-06-05,Michael Ibrahim,Port Harcourt,Electronics,Router,4,479,0.1,1724.4,1298.17,426.23,Retail
SO002161,2025-09-21,Thomas Wilson,Dubai,Office,Desk,2,456,0.2,729.6,402.86,326.74,Online
SO002162,2025-05-12,Mary Thomas,New York,Electronics,Tablet,1,505,0,505,407.46,97.54,Retail
SO002163,2022-10-30,Blessing Smith,Nairobi,Mobile,Webcam,7,521,0,3647,2501.23,1145.77,Retail
SO002164,2022-07-06,James Adebayo,Johannesburg,Computing,External SSD,1,1327,0,1327,835.42,491.58,Retail
SO002165,2023-06-08,Ibrahim Anderson,Ibadan,Electronics,Keyboard,5,714,0.1,3213.0,2298.79,914.21,Online
SO002166,2023-04-29,Emeka Wilson,Abuja,Accessories,Keyboard,4,900,0.2,2880.0,1883.24,996.76,Wholesale
SO002167,2023-03-01,Linda Thomas,Benin City,Electronics,Webcam,3,214,0.05,609.9,422.85,187.05,Online
SO002168,2025-12-01,David Ogunleye,Kano,Accessories,Printer,6,191,0.15,974.1,764.74,209.36,Online
SO002169,2024-03-04,Ada Johnson,London,Office,Laptop,7,1287,0,9009,6738.21,2270.79,Online
SO002170,2022-04-10,Aisha Ibrahim,Johannesburg,Office,External SSD,7,751,0.2,4205.6,3083.44,1122.16,Online
SO002171,2022-03-26,Sarah Adeyemi,Cape Town,Mobile,Tablet,4,1145,0,4580,3266.99,1313.01,Wholesale
SO002172,2022-04-16,William Ogunleye,London,Electronics,Printer,1,1256,0.05,1193.2,893.68,299.52,Online
SO002173,2024-06-11,Sarah Eze,Dubai,Computing,Office Chair,3,97,0,291,185.86,105.14,Online
SO002174,2025-10-19,Linda Williams,Lagos,Computing,Tablet,3,1314,0.1,3547.8,2415.41,1132.39,Online
SO002175,2023-09-08,Barbara Wilson,New York,Mobile,Keyboard,2,426,0.1,766.8,482.98,283.82,Retail
SO002176,2022-03-31,Tunde Williams,Lagos,Mobile,External SSD,3,185,0,555,312.4,242.6,Retail
SO002177,2024-02-07,David Smith,Lagos,Office,Tablet,2,1053,0.2,1684.8,1294.39,390.41,Online
SO002178,2023-08-22,Barbara Brown,Johannesburg,Accessories,Power Bank,5,1388,0.2,5552.0,3198.87,2353.13,Online
SO002179,2022-07-30,David Anderson,Cape Town,Accessories,USB Hub,3,412,0.15,1050.6,665.38,385.22,Retail
SO002180,2024-05-27,Susan Anderson,London,Accessories,Power Bank,8,673,0,5384,3055.71,2328.29,Online
SO002181,2022-09-28,Joseph Mensah,Ibadan,Accessories,Power Bank,4,752,0.05,2857.6,2146.04,711.56,Online
SO002182,2025-06-07,Emeka Okafor,Lagos,Accessories,Power Bank,4,1180,0,4720,2844.86,1875.14,Wholesale
SO002183,2025-10-18,Barbara Mensah,Ibadan,Computing,Headphones,5,1252,0.05,5947.0,3854.03,2092.97,Wholesale
SO002184,2025-09-07,John Mensah,Nairobi,Office,USB Hub,6,1303,0.2,6254.4,3981.5,2272.9,Retail
SO002185,2023-01-20,Yusuf Bello,Accra,Computing,Smartphone,3,982,0,2946,2186.82,759.18,Online
SO002186,2024-03-28,Blessing Smith,Abuja,Accessories,Router,3,1363,0.05,3884.55,2776.16,1108.39,Retail
SO002187,2022-03-16,Mary Johnson,Dubai,Mobile,Tablet,1,115,0.05,109.25,70.15,39.1,Wholesale
SO002188,2023-06-24,Blessing Anderson,Lagos,Mobile,Power Bank,1,612,0.15,520.2,308.86,211.34,Wholesale
SO002189,2023-03-19,Karen Musa,Lagos,Computing,Power Bank,6,1624,0.1,8769.6,5108.79,3660.81,Online
SO002190,2024-05-07,Linda Okoye,Ibadan,Computing,Keyboard,3,1725,0.05,4916.25,3916.19,1000.06,Online
SO002191,2022-07-27,Robert Davis,Lagos,Computing,Tablet,3,1446,0,4338,3548.65,789.35,Online
SO002192,2023-10-13,Ibrahim Jones,Abuja,Accessories,Office Chair,2,125,0,250,179.91,70.09,Retail
SO002193,2023-02-19,Barbara Eze,Lagos,Mobile,Smartphone,7,1644,0.2,9206.4,6124.3,3082.1,Wholesale
SO002194,2024-07-29,Ngozi Okoye,New York,Office,Headphones,5,731,0,3655,2858.55,796.45,Online
SO002195,2023-01-06,Karen Eze,Dubai,Office,Keyboard,5,1387,0.05,6588.25,3976.57,2611.68,Wholesale
SO002196,2023-10-04,Yusuf Ogunleye,Benin City,Electronics,USB Hub,7,1684,0.2,9430.4,5774.28,3656.12,Wholesale
SO002197,2023-10-11,Patricia Eze,Enugu,Computing,Keyboard,5,579,0.2,2316.0,1442.95,873.05,Retail
SO002198,2023-05-12,Jessica Ogunleye,Cape Town,Mobile,Laptop,7,175,0,1225,988.52,236.48,Wholesale
SO002199,2023-09-26,Chinedu Johnson,Toronto,Mobile,Headphones,5,1335,0.1,6007.5,4600.0,1407.5,Online
SO002200,2024-06-14,Blessing Okoye,Abuja,Electronics,Keyboard,3,1517,0.05,4323.45,2623.7,1699.75,Online
SO002201,2023-12-19,Emeka Ogunleye,Toronto,Electronics,Laptop,6,783,0.15,3993.3,2570.02,1423.28,Wholesale
SO002202,2025-05-03,Linda Adebayo,Kano,Accessories,Laptop,7,434,0.2,2430.4,1717.86,712.54,Online
SO002203,2023-10-22,Barbara Williams,Dubai,Mobile,Monitor,2,1557,0.2,2491.2,1519.49,971.71,Retail
SO002204,2024-05-27,William Musa,Lagos,Electronics,Mouse,3,699,0.1,1887.3,1176.44,710.86,Wholesale
SO002205,2025-07-10,John Mensah,Accra,Accessories,Office Chair,4,247,0,988,577.06,410.94,Wholesale
SO002206,2025-11-28,Linda Bello,Ibadan,Computing,Laptop,7,1605,0.15,9549.75,5375.36,4174.39,Wholesale
SO002207,2022-05-22,Chinedu Williams,Abuja,Computing,Desk,8,1283,0.1,9237.6,6620.89,2616.71,Retail
SO002208,2022-08-01,Karen Musa,Toronto,Accessories,Laptop,2,53,0.2,84.8,56.08,28.72,Wholesale
SO002209,2024-11-20,Jennifer Musa,Toronto,Office,Webcam,5,1780,0.2,7120.0,5792.43,1327.57,Retail
SO002210,2022-10-26,Mary Mensah,Ibadan,Mobile,Laptop,5,1703,0.15,7237.75,4394.68,2843.07,Retail
SO002211,2023-11-29,Tunde Okafor,Kano,Mobile,Router,8,57,0.1,410.4,294.77,115.63,Online
SO002212,2025-12-12,Ibrahim Johnson,Ibadan,Office,Desk,7,1162,0.1,7320.6,4416.97,2903.63,Online
SO002213,2022-03-30,Sarah Adeyemi,Ibadan,Accessories,Tablet,2,105,0.2,168.0,108.21,59.79,Retail
SO002214,2023-10-31,John Smith,Toronto,Electronics,Headphones,4,1427,0,5708,4331.99,1376.01,Wholesale
SO002215,2023-05-05,Barbara Adebayo,Enugu,Electronics,Webcam,8,1517,0,12136,9492.21,2643.79,Wholesale
SO002216,2023-09-13,Karen Jones,London,Electronics,External SSD,7,1202,0.2,6731.2,4448.73,2282.47,Retail
SO002217,2023-08-28,James Wilson,Ibadan,Office,USB Hub,3,415,0.15,1058.25,709.81,348.44,Wholesale
SO002218,2023-07-11,Ada Jones,Cape Town,Office,Router,3,1715,0.05,4887.75,3511.37,1376.38,Wholesale
SO002219,2022-11-19,Fatima Williams,Cape Town,Electronics,Mouse,2,1714,0,3428,2404.75,1023.25,Online
SO002220,2025-04-08,Elizabeth Mensah,Cape Town,Electronics,Headphones,6,679,0.1,3666.6,2246.81,1419.79,Retail
SO002221,2025-06-05,Thomas Ogunleye,Cape Town,Computing,Power Bank,3,1103,0.05,3143.55,2269.9,873.65,Online
SO002222,2024-02-25,Ibrahim Wilson,Abuja,Electronics,Keyboard,5,1215,0,6075,4770.42,1304.58,Retail
SO002223,2024-05-28,Robert Smith,Cape Town,Computing,Desk,7,941,0.05,6257.65,4224.15,2033.5,Online
SO002224,2025-09-28,Linda Johnson,New York,Computing,External SSD,1,700,0.2,560.0,430.33,129.67,Retail
SO002225,2024-12-07,Thomas Jones,London,Office,Webcam,1,1313,0.05,1247.35,700.04,547.31,Retail
SO002226,2022-07-22,Robert Miller,Lagos,Accessories,Smartphone,4,954,0.05,3625.2,2554.68,1070.52,Online
SO002227,2025-05-20,David Ogunleye,Benin City,Office,Keyboard,4,342,0.05,1299.6,803.41,496.19,Online
SO002228,2022-02-11,Charles Jones,Ibadan,Mobile,Tablet,8,1120,0.1,8064.0,4859.01,3204.99,Retail
SO002229,2022-02-01,Ada Eze,Dubai,Computing,Router,5,1235,0,6175,4849.69,1325.31,Wholesale
SO002230,2022-07-22,Elizabeth Johnson,Accra,Office,Monitor,3,131,0.2,314.4,234.83,79.57,Retail
SO002231,2024-07-31,David Williams,Lagos,Office,Printer,2,1694,0.15,2879.8,1663.42,1216.38,Online
SO002232,2025-03-23,Karen Johnson,Abuja,Computing,Smartphone,2,349,0.15,593.3,409.37,183.93,Wholesale
SO002233,2022-06-21,Susan Musa,Ibadan,Office,Monitor,1,1024,0.2,819.2,453.73,365.47,Retail
SO002234,2025-07-10,Aisha Johnson,Abuja,Electronics,Mouse,4,1195,0,4780,3744.38,1035.62,Retail
SO002235,2025-05-31,Blessing Okoye,Kano,Computing,External SSD,7,881,0,6167,4996.48,1170.52,Retail
SO002236,2024-11-05,Ada Eze,Johannesburg,Computing,Office Chair,6,1149,0,6894,5239.3,1654.7,Online
SO002237,2022-05-16,Joseph Adeyemi,Cape Town,Electronics,USB Hub,6,1503,0.1,8116.2,4632.27,3483.93,Wholesale
SO002238,2025-08-25,Patricia Jones,Cape Town,Mobile,Router,1,741,0.05,703.95,469.04,234.91,Wholesale
SO002239,2022-01-12,Elizabeth Adeyemi,Nairobi,Computing,External SSD,3,1378,0.05,3927.3,2801.64,1125.66,Wholesale
SO002240,2025-01-10,Blessing Anderson,Toronto,Office,Webcam,7,1785,0.1,11245.5,6264.14,4981.36,Online
SO002241,2024-04-21,Barbara Adeyemi,London,Office,External SSD,3,1712,0,5136,3180.59,1955.41,Retail
SO002242,2022-08-05,Fatima Thomas,London,Electronics,Laptop,6,563,0.1,3040.2,2419.93,620.27,Retail
SO002243,2022-12-28,Susan Okafor,Abuja,Mobile,Keyboard,8,1636,0.15,11124.8,6728.27,4396.53,Retail
SO002244,2025-11-07,James Okoye,Kano,Office,Desk,4,1016,0,4064,2533.88,1530.12,Wholesale
SO002245,2024-01-18,Ngozi Okoye,London,Office,Printer,8,1476,0.15,10036.8,7637.39,2399.41,Online
SO002246,2023-11-15,Jessica Okafor,Dubai,Mobile,Laptop,6,535,0.15,2728.5,1972.67,755.83,Online
SO002247,2023-03-01,Blessing Eze,Cape Town,Office,Tablet,5,1362,0,6810,5045.77,1764.23,Online
SO002248,2025-03-30,William Adebayo,Kano,Office,Tablet,1,683,0.2,546.4,337.54,208.86,Wholesale
SO002249,2023-08-29,Jessica Eze,Dubai,Office,Headphones,3,1308,0.15,3335.4,2652.48,682.92,Online
SO002250,2025-01-27,David Ibrahim,Cape Town,Electronics,Printer,3,1300,0,3900,2344.22,1555.78,Online
SO002251,2023-12-12,Joseph Miller,Kano,Office,Keyboard,4,432,0.2,1382.4,770.0,612.4,Wholesale
SO002252,2023-10-11,Joseph Musa,Abuja,Office,Printer,6,1678,0,10068,7483.64,2584.36,Retail
SO002253,2023-05-20,Elizabeth Adeyemi,Dubai,Mobile,Printer,6,1319,0.2,6331.2,4132.78,2198.42,Wholesale
SO002254,2022-01-03,Jennifer Johnson,Dubai,Office,Webcam,8,109,0.1,784.8,471.29,313.51,Online
SO002255,2022-10-13,James Okoye,Dubai,Mobile,Office Chair,2,110,0.05,209.0,135.56,73.44,Retail
SO002256,2023-05-07,Jessica Okoye,Dubai,Computing,Mouse,7,1472,0.05,9788.8,6515.19,3273.61,Wholesale
SO002257,2022-12-24,Ada Musa,Cape Town,Mobile,Router,5,1154,0,5770,4523.01,1246.99,Online
SO002258,2024-04-12,Barbara Musa,Benin City,Mobile,Mouse,4,931,0.05,3537.8,2121.34,1416.46,Retail
SO002259,2022-04-17,Jessica Bello,London,Accessories,Desk,8,937,0.05,7121.2,4414.54,2706.66,Retail
SO002260,2024-05-15,Elizabeth Adeyemi,Johannesburg,Office,USB Hub,7,286,0.05,1901.9,1236.6,665.3,Wholesale
SO002261,2025-09-15,Ibrahim Eze,Dubai,Accessories,External SSD,2,1309,0.05,2487.1,1900.03,587.07,Retail
SO002262,2024-08-31,Fatima Anderson,Nairobi,Computing,Smartphone,6,1769,0.1,9552.6,5298.84,4253.76,Online
SO002263,2024-09-11,Michael Musa,Johannesburg,Electronics,Office Chair,7,390,0,2730,1939.48,790.52,Retail
SO002264,2022-04-14,Blessing Anderson,Lagos,Office,Mouse,1,194,0.2,155.2,86.58,68.62,Online
SO002265,2024-08-23,Jessica Okafor,Toronto,Electronics,Desk,7,1572,0.1,9903.6,7867.42,2036.18,Online
SO002266,2024-10-20,Aisha Mensah,Nairobi,Accessories,Laptop,8,1083,0.15,7364.4,4123.98,3240.42,Online
SO002267,2023-05-20,Tunde Adebayo,Enugu,Computing,Headphones,1,1454,0.15,1235.9,988.53,247.37,Online
SO002268,2024-10-20,Aisha Jones,Enugu,Mobile,Webcam,8,99,0.15,673.2,400.91,272.29,Retail
SO002269,2022-04-04,Emeka Williams,Accra,Accessories,Laptop,5,925,0.2,3700.0,2392.06,1307.94,Online
SO002270,2022-08-24,Michael Wilson,Nairobi,Mobile,Keyboard,3,478,0.05,1362.3,921.85,440.45,Wholesale
SO002271,2023-02-19,Mary Okafor,Enugu,Electronics,Printer,7,963,0,6741,3948.02,2792.98,Retail
SO002272,2023-07-13,Jennifer Musa,Toronto,Computing,Webcam,6,24,0,144,99.07,44.93,Wholesale
SO002273,2022-10-01,Patricia Eze,Cape Town,Office,Router,7,417,0.2,2335.2,1885.01,450.19,Online
SO002274,2024-04-15,Emeka Brown,Dubai,Electronics,Router,3,504,0.05,1436.4,964.44,471.96,Online
SO002275,2025-04-09,Barbara Smith,London,Electronics,Desk,8,918,0,7344,4685.03,2658.97,Retail
SO002276,2023-12-02,Jessica Wilson,Port Harcourt,Mobile,Smartphone,5,63,0.15,267.75,194.74,73.01,Retail
SO002277,2023-07-25,Ngozi Thomas,Dubai,Computing,Printer,3,1493,0.1,4031.1,3210.53,820.57,Wholesale
SO002278,2022-07-02,Michael Jones,Benin City,Office,Power Bank,7,807,0.1,5084.1,2809.78,2274.32,Online
SO002279,2023-12-10,Ibrahim Smith,Kano,Computing,Laptop,8,823,0.1,5925.6,4466.91,1458.69,Retail
SO002280,2022-01-05,Ngozi Okoye,Port Harcourt,Electronics,Power Bank,1,1496,0.15,1271.6,730.58,541.02,Online
SO002281,2022-08-01,Tunde Davis,Nairobi,Office,Laptop,3,1569,0.05,4471.65,2814.24,1657.41,Online
SO002282,2024-09-30,Joseph Jones,Abuja,Mobile,Laptop,1,1430,0,1430,864.91,565.09,Wholesale
SO002283,2025-09-12,Mary Miller,Dubai,Mobile,USB Hub,5,82,0.2,328.0,257.47,70.53,Retail
SO002284,2024-08-28,Chinedu Adeyemi,Kano,Computing,Desk,1,1668,0.1,1501.2,955.69,545.51,Online
SO002285,2023-08-24,Chinedu Williams,Johannesburg,Computing,Office Chair,4,98,0,392,238.12,153.88,Online
SO002286,2024-02-11,David Davis,Enugu,Office,Smartphone,4,1525,0,6100,4036.31,2063.69,Wholesale
SO002287,2024-03-05,Ibrahim Williams,Benin City,Electronics,Tablet,5,1123,0.05,5334.25,3049.76,2284.49,Online
SO002288,2024-01-24,Charles Ogunleye,Kano,Office,Monitor,1,459,0,459,264.98,194.02,Wholesale
SO002289,2024-12-15,Yusuf Wilson,Kano,Office,Webcam,1,1106,0,1106,846.4,259.6,Retail
SO002290,2025-12-07,Yusuf Okoye,Dubai,Office,Keyboard,2,1709,0.2,2734.4,2177.65,556.75,Retail
SO002291,2022-11-11,Susan Adebayo,Johannesburg,Mobile,Router,8,206,0.05,1565.6,953.52,612.08,Wholesale
SO002292,2022-09-07,Thomas Musa,New York,Mobile,Router,7,191,0,1337,744.84,592.16,Retail
SO002293,2022-07-18,Jessica Thomas,Cape Town,Computing,Desk,5,1159,0,5795,4668.22,1126.78,Online
SO002294,2024-02-10,John Thomas,Cape Town,Electronics,Desk,8,1509,0,12072,8701.14,3370.86,Retail
SO002295,2022-10-23,Charles Ogunleye,Dubai,Office,Tablet,5,546,0.15,2320.5,1593.22,727.28,Retail
SO002296,2025-05-29,Patricia Ogunleye,Nairobi,Mobile,Webcam,5,657,0,3285,1997.46,1287.54,Wholesale
SO002297,2022-09-06,Ibrahim Davis,Benin City,Mobile,Router,3,1748,0,5244,3608.85,1635.15,Online
SO002298,2025-10-02,Elizabeth Ibrahim,Lagos,Computing,External SSD,1,769,0,769,484.91,284.09,Online
SO002299,2022-06-26,Joseph Ogunleye,Ibadan,Computing,Keyboard,8,1270,0.05,9652.0,6130.27,3521.73,Retail
SO002300,2022-07-14,James Smith,Abuja,Mobile,Webcam,3,190,0.2,456.0,328.28,127.72,Wholesale
SO002301,2022-05-05,Barbara Ogunleye,Nairobi,Electronics,External SSD,5,493,0,2465,1859.67,605.33,Wholesale
SO002302,2024-04-22,Ibrahim Brown,Port Harcourt,Mobile,Printer,4,1652,0,6608,5187.19,1420.81,Retail
SO002303,2025-10-10,John Brown,Johannesburg,Accessories,Mouse,5,1295,0.1,5827.5,3651.5,2176.0,Wholesale
SO002304,2023-04-10,Linda Davis,Abuja,Electronics,Mouse,6,392,0,2352,1678.3,673.7,Retail
SO002305,2023-11-07,Aisha Okoye,Dubai,Electronics,Mouse,4,1418,0.05,5388.4,3986.31,1402.09,Online
SO002306,2023-07-10,Yusuf Mensah,Kano,Computing,Printer,6,1284,0,7704,4696.72,3007.28,Online
SO002307,2022-02-11,Ibrahim Smith,Cape Town,Mobile,Monitor,8,896,0,7168,4763.24,2404.76,Retail
SO002308,2022-06-28,Patricia Adeyemi,Benin City,Accessories,Mouse,1,335,0.15,284.75,228.3,56.45,Wholesale
SO002309,2022-01-27,Blessing Adebayo,Ibadan,Electronics,Desk,1,637,0.1,573.3,382.6,190.7,Retail
SO002310,2022-12-27,John Adebayo,Cape Town,Mobile,Headphones,4,576,0.15,1958.4,1508.63,449.77,Retail
SO002311,2025-06-09,Emeka Adebayo,Nairobi,Computing,External SSD,5,1080,0.15,4590.0,2909.82,1680.18,Wholesale
SO002312,2022-02-12,Linda Williams,London,Office,Headphones,8,820,0.1,5904.0,4462.76,1441.24,Wholesale
SO002313,2023-04-27,Susan Brown,Abuja,Accessories,Smartphone,3,1758,0,5274,3498.4,1775.6,Online
SO002314,2023-08-04,Yusuf Jones,Johannesburg,Computing,External SSD,3,1434,0.15,3656.7,2914.52,742.18,Online
SO002315,2024-07-27,Chinedu Thomas,Accra,Computing,Smartphone,1,1411,0,1411,853.08,557.92,Wholesale
SO002316,2025-03-01,Thomas Thomas,Abuja,Electronics,Webcam,1,348,0.2,278.4,216.49,61.91,Online
SO002317,2022-06-24,Blessing Smith,Enugu,Electronics,Desk,7,1068,0,7476,4260.75,3215.25,Wholesale
SO002318,2023-01-06,Daniel Musa,Lagos,Electronics,Desk,5,653,0.05,3101.75,2060.61,1041.14,Online
SO002319,2022-09-26,Sarah Wilson,Benin City,Electronics,Keyboard,1,384,0,384,302.79,81.21,Online
SO002320,2025-04-04,Charles Anderson,London,Computing,Router,4,1113,0.15,3784.2,2439.45,1344.75,Retail
SO002321,2025-12-13,Linda Okafor,Ibadan,Mobile,Mouse,3,133,0.1,359.1,239.62,119.48,Wholesale
SO002322,2024-01-06,Fatima Eze,Accra,Office,Router,4,463,0.15,1574.2,1044.93,529.27,Retail
SO002323,2022-06-28,Chinedu Ogunleye,Abuja,Accessories,Smartphone,2,1409,0,2818,2050.88,767.12,Online
SO002324,2022-03-10,Aisha Mensah,Nairobi,Computing,Webcam,3,1525,0.1,4117.5,3144.54,972.96,Wholesale
SO002325,2023-06-04,Jennifer Adeyemi,Nairobi,Office,Monitor,7,593,0,4151,2509.79,1641.21,Wholesale
SO002326,2025-01-29,Joseph Eze,Cape Town,Accessories,Monitor,4,1277,0.1,4597.2,3258.06,1339.14,Retail
SO002327,2024-02-07,Ada Adeyemi,Accra,Mobile,Smartphone,3,403,0.15,1027.65,591.49,436.16,Online
SO002328,2023-07-23,Michael Musa,Cape Town,Electronics,USB Hub,7,533,0,3731,2207.05,1523.95,Online
SO002329,2022-05-15,Karen Ibrahim,Toronto,Electronics,Power Bank,1,656,0.2,524.8,366.59,158.21,Retail
SO002330,2022-06-30,Yusuf Okoye,Port Harcourt,Computing,Router,4,1087,0,4348,3544.08,803.92,Online
SO002331,2024-04-01,Patricia Anderson,Cape Town,Computing,Router,7,1674,0,11718,9574.33,2143.67,Online
SO002332,2025-01-26,Emeka Adebayo,Dubai,Office,Smartphone,1,60,0,60,47.87,12.13,Retail
SO002333,2025-11-19,Ngozi Jones,Port Harcourt,Mobile,Printer,2,920,0.15,1564.0,913.19,650.81,Retail
SO002334,2023-07-27,Yusuf Okafor,Johannesburg,Electronics,Smartphone,8,1086,0.1,7819.2,6081.91,1737.29,Online
SO002335,2025-03-01,Yusuf Williams,New York,Computing,Office Chair,4,151,0.1,543.6,355.1,188.5,Wholesale
SO002336,2025-04-07,Thomas Musa,Lagos,Office,Office Chair,6,888,0,5328,4012.17,1315.83,Retail
SO002337,2023-08-17,Ibrahim Musa,Toronto,Accessories,Keyboard,7,1092,0.15,6497.4,4273.74,2223.66,Online
SO002338,2025-05-26,Chinedu Ogunleye,Accra,Office,Headphones,8,1349,0,10792,7861.69,2930.31,Retail
SO002339,2022-06-20,Yusuf Ogunleye,Lagos,Office,Router,1,1294,0.15,1099.9,615.64,484.26,Online
SO002340,2024-10-19,John Davis,Port Harcourt,Accessories,External SSD,7,1636,0,11452,8925.84,2526.16,Retail
SO002341,2022-01-28,Emeka Adebayo,Abuja,Mobile,Headphones,4,1740,0.2,5568.0,3244.47,2323.53,Retail
SO002342,2022-08-03,Mary Brown,Cape Town,Computing,Office Chair,4,371,0.2,1187.2,792.84,394.36,Wholesale
SO002343,2023-07-25,Emeka Musa,Johannesburg,Accessories,Printer,5,189,0.1,850.5,469.02,381.48,Online
SO002344,2024-12-28,Sarah Okoye,Abuja,Office,Webcam,1,378,0.1,340.2,245.31,94.89,Wholesale
SO002345,2024-08-11,Karen Williams,New York,Office,Office Chair,3,1779,0.1,4803.3,3704.18,1099.12,Retail
SO002346,2023-07-01,Thomas Johnson,Enugu,Office,Mouse,3,1253,0.2,3007.2,1999.62,1007.58,Wholesale
SO002347,2022-03-28,Karen Anderson,Johannesburg,Office,Smartphone,1,183,0,183,147.15,35.85,Online
SO002348,2024-06-29,Patricia Johnson,Cape Town,Accessories,Monitor,3,1795,0,5385,3400.04,1984.96,Online
SO002349,2022-07-07,Tunde Ibrahim,Kano,Electronics,Laptop,6,69,0.2,331.2,222.63,108.57,Online
SO002350,2022-04-01,Joseph Johnson,Cape Town,Accessories,Smartphone,3,1734,0.15,4421.7,3498.53,923.17,Wholesale
SO002351,2023-02-08,Linda Johnson,Ibadan,Accessories,Power Bank,4,38,0.1,136.8,85.27,51.53,Retail
SO002352,2025-04-29,Ada Mensah,Port Harcourt,Computing,External SSD,7,1512,0,10584,6811.48,3772.52,Wholesale
SO002353,2025-05-05,William Wilson,Lagos,Mobile,Mouse,6,1226,0.1,6620.4,4498.41,2121.99,Wholesale
SO002354,2024-03-01,Jennifer Okafor,Port Harcourt,Office,Laptop,4,965,0.1,3474.0,2112.58,1361.42,Retail
SO002355,2025-12-09,Daniel Davis,Lagos,Mobile,Smartphone,7,140,0.05,931.0,533.96,397.04,Online
SO002356,2023-01-19,Fatima Okafor,Lagos,Electronics,Mouse,4,1104,0,4416,2617.08,1798.92,Retail
SO002357,2022-05-11,David Okoye,Nairobi,Electronics,Webcam,3,87,0.05,247.95,171.47,76.48,Retail
SO002358,2024-08-19,David Williams,Toronto,Mobile,Keyboard,5,1651,0.05,7842.25,6336.16,1506.09,Retail
SO002359,2023-08-10,Thomas Ibrahim,London,Office,Headphones,4,620,0.1,2232.0,1637.76,594.24,Wholesale
SO002360,2022-04-04,Ada Jones,Accra,Computing,Printer,4,405,0.15,1377.0,890.19,486.81,Retail
SO002361,2022-09-08,Emeka Davis,Abuja,Electronics,USB Hub,3,628,0.15,1601.4,1290.16,311.24,Wholesale
SO002362,2024-04-15,Jennifer Musa,Accra,Accessories,USB Hub,2,1130,0,2260,1416.24,843.76,Online
SO002363,2022-08-05,Robert Eze,Enugu,Computing,Laptop,7,1477,0.05,9822.05,5976.62,3845.43,Online
SO002364,2025-04-14,William Johnson,London,Accessories,Monitor,5,636,0.1,2862.0,2330.11,531.89,Wholesale
SO002365,2022-03-11,Thomas Miller,Johannesburg,Mobile,Printer,1,1612,0.05,1531.4,938.43,592.97,Retail
SO002366,2025-11-19,Jessica Smith,Abuja,Accessories,USB Hub,3,977,0,2931,1785.32,1145.68,Wholesale
SO002367,2023-11-05,Patricia Ogunleye,London,Electronics,Laptop,1,429,0.15,364.65,241.12,123.53,Online
SO002368,2022-08-30,Ibrahim Bello,Benin City,Office,Headphones,1,1291,0.15,1097.35,706.94,390.41,Wholesale
SO002369,2025-12-23,Barbara Okoye,Benin City,Accessories,Headphones,2,1144,0,2288,1813.64,474.36,Wholesale
SO002370,2024-09-02,Yusuf Davis,Johannesburg,Electronics,Desk,6,1475,0.2,7080.0,5040.71,2039.29,Online
SO002371,2025-12-01,Blessing Adeyemi,Abuja,Accessories,USB Hub,2,1271,0,2542,2036.2,505.8,Online
SO002372,2025-05-07,David Williams,Johannesburg,Office,USB Hub,5,251,0.05,1192.25,664.9,527.35,Online
SO002373,2023-01-16,Joseph Okafor,Abuja,Electronics,External SSD,1,131,0,131,102.54,28.46,Wholesale
SO002374,2023-09-06,James Davis,Enugu,Mobile,External SSD,6,1472,0,8832,5877.98,2954.02,Online
SO002375,2023-05-24,Robert Ogunleye,Nairobi,Accessories,Desk,1,1451,0.1,1305.9,926.02,379.88,Online
SO002376,2025-05-17,Susan Adebayo,Toronto,Computing,Power Bank,6,1439,0,8634,5573.68,3060.32,Retail
SO002377,2022-10-20,Susan Jones,London,Computing,Desk,8,108,0.05,820.8,634.39,186.41,Online
SO002378,2025-04-10,Yusuf Johnson,Toronto,Mobile,USB Hub,1,668,0.2,534.4,402.46,131.94,Retail
SO002379,2025-12-04,Barbara Anderson,Ibadan,Computing,USB Hub,7,821,0.15,4884.95,4003.39,881.56,Wholesale
SO002380,2022-12-05,Thomas Johnson,Accra,Office,Laptop,6,685,0,4110,2936.22,1173.78,Retail
SO002381,2023-12-03,Robert Bello,Cape Town,Accessories,USB Hub,8,1010,0.15,6868.0,4227.2,2640.8,Retail
SO002382,2024-05-30,James Smith,Lagos,Office,Smartphone,5,851,0,4255,3420.85,834.15,Wholesale
SO002383,2024-08-26,Karen Smith,Accra,Office,Smartphone,2,788,0.05,1497.2,955.33,541.87,Wholesale
SO002384,2022-06-14,Fatima Wilson,Accra,Computing,Headphones,5,314,0.2,1256.0,784.66,471.34,Retail
SO002385,2025-03-29,Jessica Wilson,Enugu,Electronics,External SSD,1,542,0,542,396.34,145.66,Retail
SO002386,2024-08-15,Linda Eze,Benin City,Accessories,Laptop,1,1699,0,1699,970.75,728.25,Online
SO002387,2025-01-06,Thomas Williams,Lagos,Electronics,Monitor,4,803,0.15,2730.2,1943.74,786.46,Online
SO002388,2022-10-13,Patricia Okoye,Enugu,Mobile,Office Chair,8,1072,0.2,6860.8,5359.38,1501.42,Wholesale
SO002389,2024-10-04,Fatima Wilson,New York,Office,Mouse,1,148,0.2,118.4,93.27,25.13,Online
SO002390,2023-04-13,Emeka Johnson,Dubai,Office,Laptop,4,743,0.15,2526.2,1738.66,787.54,Wholesale
SO002391,2023-08-22,Sarah Brown,Enugu,Computing,Printer,5,1323,0,6615,4828.82,1786.18,Retail
SO002392,2022-01-09,Thomas Okafor,Port Harcourt,Office,External SSD,3,1777,0.15,4531.35,3138.42,1392.93,Retail
SO002393,2023-03-11,David Davis,Abuja,Mobile,Webcam,5,1570,0,7850,5008.61,2841.39,Retail
SO002394,2023-03-12,Aisha Anderson,Accra,Mobile,Printer,7,1554,0.1,9790.2,6720.72,3069.48,Retail
SO002395,2023-11-15,Sarah Johnson,Dubai,Accessories,Webcam,6,1381,0.2,6628.8,4065.2,2563.6,Retail
SO002396,2022-06-27,Ada Smith,Benin City,Computing,Router,2,169,0.2,270.4,178.52,91.88,Wholesale
SO002397,2025-03-11,Barbara Bello,Nairobi,Office,Webcam,6,1084,0.1,5853.6,3741.22,2112.38,Online
SO002398,2022-02-15,Linda Okafor,New York,Accessories,Tablet,1,1660,0.15,1411.0,883.87,527.13,Wholesale
SO002399,2023-05-31,Ibrahim Anderson,London,Accessories,Tablet,8,102,0.15,693.6,420.07,273.53,Retail
SO002400,2025-11-16,Karen Miller,Kano,Computing,Mouse,2,1636,0,3272,1812.17,1459.83,Retail
SO002401,2022-06-17,John Williams,Enugu,Office,Laptop,6,568,0.2,2726.4,1832.68,893.72,Wholesale
SO002402,2022-11-09,Thomas Davis,London,Office,Laptop,6,496,0.2,2380.8,1634.13,746.67,Retail
SO002403,2024-10-30,Chinedu Okoye,Port Harcourt,Electronics,Laptop,1,560,0.05,532.0,413.65,118.35,Retail
SO002404,2023-02-23,Jennifer Brown,Enugu,Computing,Mouse,2,1701,0.2,2721.6,2001.63,719.97,Online
SO002405,2024-04-15,Thomas Musa,Toronto,Accessories,Webcam,3,1279,0.15,3261.45,2374.54,886.91,Wholesale
SO002406,2025-07-25,Thomas Mensah,Dubai,Electronics,Printer,7,1172,0,8204,5041.43,3162.57,Retail
SO002407,2022-03-11,William Brown,London,Computing,Smartphone,6,166,0.2,796.8,497.06,299.74,Online
SO002408,2023-01-06,Barbara Bello,Port Harcourt,Electronics,Headphones,2,841,0.15,1429.7,869.42,560.28,Online
SO002409,2023-12-02,Joseph Ibrahim,Ibadan,Office,Office Chair,6,950,0.15,4845.0,3517.1,1327.9,Retail
SO002410,2024-02-07,Mary Johnson,London,Office,Headphones,2,689,0,1378,932.88,445.12,Retail
SO002411,2025-04-26,Yusuf Okafor,Accra,Accessories,Router,5,341,0.05,1619.75,1119.12,500.63,Retail
SO002412,2022-11-14,Ada Okoye,New York,Accessories,Router,8,1130,0,9040,6045.37,2994.63,Wholesale
SO002413,2022-04-27,Michael Musa,Cape Town,Accessories,Office Chair,5,1507,0.1,6781.5,5317.53,1463.97,Online
SO002414,2022-08-18,Emeka Eze,London,Computing,Office Chair,3,926,0.2,2222.4,1415.89,806.51,Wholesale
SO002415,2023-09-05,Ibrahim Okafor,Johannesburg,Office,Keyboard,2,263,0,526,346.75,179.25,Retail
SO002416,2023-09-08,Elizabeth Wilson,Abuja,Mobile,Monitor,6,1558,0,9348,5492.99,3855.01,Retail
SO002417,2023-06-04,Ibrahim Ibrahim,Ibadan,Computing,USB Hub,8,1769,0,14152,10500.67,3651.33,Wholesale
SO002418,2022-11-17,Emeka Davis,Dubai,Mobile,Monitor,3,558,0.15,1422.9,878.8,544.1,Online
SO002419,2025-05-20,Fatima Adebayo,Kano,Electronics,Tablet,7,550,0,3850,2201.51,1648.49,Wholesale
SO002420,2022-06-22,James Ibrahim,Benin City,Accessories,Webcam,8,223,0.1,1605.6,999.79,605.81,Online
SO002421,2022-09-28,Blessing Smith,Ibadan,Mobile,Tablet,2,781,0.05,1483.9,963.41,520.49,Online
SO002422,2023-04-20,Tunde Adebayo,Nairobi,Accessories,Webcam,5,384,0.2,1536.0,1148.32,387.68,Retail
SO002423,2023-10-15,Emeka Thomas,Nairobi,Mobile,Smartphone,6,1727,0,10362,6795.49,3566.51,Online
SO002424,2025-10-23,Mary Jones,Johannesburg,Computing,Webcam,5,637,0,3185,2100.37,1084.63,Online
SO002425,2024-10-24,David Thomas,Benin City,Accessories,Webcam,3,1504,0.2,3609.6,2500.41,1109.19,Retail
SO002426,2024-03-11,Michael Mensah,Enugu,Electronics,Office Chair,8,1689,0.15,11485.2,7577.95,3907.25,Wholesale
SO002427,2022-08-14,Charles Brown,Lagos,Computing,Desk,8,747,0,5976,4479.15,1496.85,Retail
SO002428,2022-01-16,Chinedu Johnson,New York,Mobile,Office Chair,8,1632,0,13056,9877.9,3178.1,Online
SO002429,2024-09-16,Elizabeth Jones,Ibadan,Computing,Headphones,5,1420,0.1,6390.0,5125.12,1264.88,Online
SO002430,2025-12-10,James Bello,Abuja,Electronics,Keyboard,7,1703,0.1,10728.9,7631.14,3097.76,Wholesale
SO002431,2025-11-26,Daniel Anderson,Johannesburg,Office,Printer,4,444,0.2,1420.8,882.25,538.55,Wholesale
SO002432,2024-08-11,Fatima Wilson,Ibadan,Accessories,External SSD,3,1483,0.2,3559.2,2399.86,1159.34,Retail
SO002433,2023-06-25,Joseph Adebayo,London,Accessories,Desk,2,90,0.2,144.0,113.78,30.22,Retail
SO002434,2023-02-24,John Davis,Abuja,Computing,Webcam,6,1117,0.15,5696.7,4404.91,1291.79,Wholesale
SO002435,2025-07-05,Fatima Adebayo,Abuja,Electronics,Desk,3,747,0,2241,1318.94,922.06,Wholesale
SO002436,2024-01-24,Thomas Smith,London,Computing,Monitor,6,1308,0.2,6278.4,3706.3,2572.1,Wholesale
SO002437,2025-09-12,Fatima Johnson,New York,Computing,Laptop,6,97,0.05,552.9,380.78,172.12,Retail
SO002438,2022-04-12,Susan Musa,Toronto,Computing,Router,5,1200,0.15,5100.0,3336.53,1763.47,Wholesale
SO002439,2023-03-04,Sarah Okoye,Ibadan,Mobile,Headphones,3,1012,0.1,2732.4,1725.72,1006.68,Wholesale
SO002440,2024-04-18,William Okafor,New York,Office,Printer,3,1726,0.15,4401.3,3060.19,1341.11,Retail
SO002441,2022-09-15,Karen Eze,Kano,Accessories,Webcam,2,828,0,1656,1032.12,623.88,Online
SO002442,2023-01-14,Charles Okafor,Dubai,Accessories,Desk,6,526,0.05,2998.2,2123.33,874.87,Wholesale
SO002443,2023-02-09,Sarah Brown,New York,Office,Office Chair,8,1247,0,9976,5950.3,4025.7,Online
SO002444,2024-09-24,Chinedu Ibrahim,Cape Town,Accessories,Smartphone,8,1792,0.2,11468.8,6640.02,4828.78,Wholesale
SO002445,2024-06-02,Aisha Anderson,Nairobi,Mobile,Office Chair,8,1467,0.05,11149.2,8046.93,3102.27,Retail
SO002446,2022-03-26,James Brown,Benin City,Electronics,Headphones,5,269,0.1,1210.5,973.12,237.38,Online
SO002447,2024-04-28,Patricia Johnson,Cape Town,Computing,Keyboard,5,1659,0.1,7465.5,5668.17,1797.33,Wholesale
SO002448,2023-11-04,Elizabeth Davis,Kano,Accessories,Webcam,7,1369,0,9583,7448.8,2134.2,Retail
SO002449,2025-04-13,Emeka Adebayo,Benin City,Mobile,Mouse,5,1338,0.1,6021.0,4814.21,1206.79,Retail
SO002450,2025-04-17,Ibrahim Smith,Dubai,Accessories,External SSD,4,1263,0.2,4041.6,3248.81,792.79,Wholesale
SO002451,2024-02-23,Linda Anderson,Lagos,Computing,Power Bank,5,203,0,1015,590.98,424.02,Online
SO002452,2022-04-17,Robert Okafor,Johannesburg,Accessories,External SSD,6,1590,0.15,8109.0,5796.84,2312.16,Wholesale
SO002453,2022-10-11,James Wilson,London,Electronics,Mouse,4,1619,0.15,5504.6,4466.21,1038.39,Online
SO002454,2025-04-19,Aisha Jones,Abuja,Electronics,Headphones,1,1214,0.05,1153.3,829.07,324.23,Online
SO002455,2024-07-27,Michael Davis,Toronto,Office,Tablet,6,1353,0.2,6494.4,4701.4,1793.0,Online
SO002456,2022-09-22,Karen Thomas,Benin City,Electronics,Webcam,7,577,0.15,3433.15,2119.19,1313.96,Online
SO002457,2023-10-15,Ada Okoye,Abuja,Office,Webcam,6,1169,0.1,6312.6,4351.4,1961.2,Wholesale
SO002458,2023-12-23,Chinedu Adebayo,Lagos,Office,Laptop,3,1608,0,4824,2735.73,2088.27,Retail
SO002459,2025-08-09,Jennifer Mensah,Port Harcourt,Mobile,Monitor,6,988,0,5928,3376.56,2551.44,Online
SO002460,2024-12-25,Blessing Ibrahim,New York,Electronics,Smartphone,3,202,0,606,392.84,213.16,Online
SO002461,2023-01-01,Ada Adebayo,Port Harcourt,Mobile,Laptop,4,1057,0.1,3805.2,3115.43,689.77,Online
SO002462,2024-09-02,Karen Ogunleye,Johannesburg,Accessories,Keyboard,3,696,0,2088,1339.58,748.42,Online
SO002463,2023-12-25,Jennifer Adebayo,New York,Computing,Keyboard,2,972,0,1944,1171.95,772.05,Retail
SO002464,2022-03-02,Elizabeth Ogunleye,London,Mobile,Smartphone,8,1344,0.1,9676.8,7542.75,2134.05,Online
SO002465,2025-09-23,Elizabeth Ogunleye,London,Office,Printer,7,1108,0.2,6204.8,4656.16,1548.64,Wholesale
SO002466,2024-03-20,Karen Okoye,Port Harcourt,Electronics,Headphones,4,731,0.15,2485.4,1480.15,1005.25,Online
SO002467,2024-10-01,Yusuf Mensah,Toronto,Mobile,Office Chair,6,1671,0.1,9023.4,6738.91,2284.49,Online
SO002468,2024-05-14,Tunde Mensah,Benin City,Office,Mouse,6,1238,0,7428,4100.88,3327.12,Online
SO002469,2024-02-26,Blessing Thomas,Dubai,Accessories,Webcam,6,601,0.2,2884.8,2323.33,561.47,Online
SO002470,2023-02-17,Patricia Miller,Kano,Electronics,Office Chair,3,370,0,1110,624.81,485.19,Retail
SO002471,2025-08-04,Thomas Adeyemi,Nairobi,Accessories,Mouse,2,1560,0.1,2808.0,2084.42,723.58,Retail
SO002472,2024-09-16,John Wilson,Abuja,Office,External SSD,1,1666,0,1666,1173.51,492.49,Online
SO002473,2025-04-09,Elizabeth Mensah,Abuja,Accessories,Headphones,7,1529,0.05,10167.85,8266.39,1901.46,Wholesale
SO002474,2024-06-04,Yusuf Bello,Ibadan,Mobile,Desk,6,1062,0.15,5416.2,3661.57,1754.63,Wholesale
SO002475,2025-10-01,Barbara Eze,Cape Town,Accessories,Printer,3,1781,0.05,5075.85,3213.0,1862.85,Wholesale
SO002476,2024-08-17,William Ibrahim,Accra,Electronics,Desk,7,1400,0.2,7840.0,6126.55,1713.45,Retail
SO002477,2024-01-03,Linda Davis,Dubai,Computing,Smartphone,3,995,0.1,2686.5,2101.52,584.98,Wholesale
SO002478,2022-06-19,Sarah Ibrahim,Kano,Office,Tablet,4,536,0.1,1929.6,1262.91,666.69,Online
SO002479,2022-08-04,Karen Musa,London,Electronics,Headphones,3,1649,0.2,3957.6,2176.7,1780.9,Retail
SO002480,2023-04-03,Jennifer Thomas,Cape Town,Computing,Headphones,6,1418,0.05,8082.6,6507.72,1574.88,Retail
SO002481,2023-03-04,Jennifer Brown,New York,Mobile,Router,1,436,0.2,348.8,279.15,69.65,Retail
SO002482,2025-06-07,Sarah Mensah,Lagos,Computing,Smartphone,8,1008,0.15,6854.4,5057.71,1796.69,Wholesale
SO002483,2023-06-17,Charles Smith,New York,Office,Keyboard,5,59,0.1,265.5,200.6,64.9,Retail
SO002484,2022-07-08,James Ogunleye,Port Harcourt,Electronics,Headphones,2,730,0,1460,1187.47,272.53,Retail
SO002485,2023-01-03,David Thomas,Enugu,Mobile,Webcam,6,1539,0.2,7387.2,6057.37,1329.83,Online
SO002486,2024-10-16,Charles Jones,Cape Town,Office,Router,5,1126,0.05,5348.5,4068.18,1280.32,Online
SO002487,2022-07-21,Yusuf Johnson,Enugu,Electronics,Monitor,7,1031,0,7217,4538.97,2678.03,Wholesale
SO002488,2025-07-24,Barbara Adebayo,Port Harcourt,Mobile,Desk,1,1428,0.15,1213.8,756.58,457.22,Wholesale
SO002489,2025-06-07,Mary Okoye,Lagos,Mobile,Router,5,303,0,1515,1235.49,279.51,Online
SO002490,2023-03-09,David Bello,Cape Town,Mobile,Mouse,6,278,0.15,1417.8,782.38,635.42,Online
SO002491,2023-06-24,Karen Anderson,Benin City,Office,Webcam,2,1751,0,3502,2742.27,759.73,Online
SO002492,2025-06-16,Karen Okafor,New York,Mobile,USB Hub,6,522,0.1,2818.8,2259.91,558.89,Retail
SO002493,2023-12-19,Patricia Adeyemi,Lagos,Accessories,Router,4,1703,0.2,5449.6,4027.95,1421.65,Wholesale
SO002494,2024-09-01,Susan Brown,Port Harcourt,Accessories,Printer,3,315,0,945,772.14,172.86,Retail
SO002495,2024-02-18,Robert Jones,Port Harcourt,Accessories,Webcam,5,918,0.2,3672.0,2741.36,930.64,Wholesale
SO002496,2025-01-24,Jessica Okafor,Nairobi,Electronics,Office Chair,7,50,0.2,280.0,188.79,91.21,Wholesale
SO002497,2023-06-09,Chinedu Ibrahim,Benin City,Mobile,Monitor,6,927,0,5562,3648.95,1913.05,Retail
SO002498,2022-04-26,Daniel Adeyemi,Accra,Office,Webcam,6,1109,0,6654,4757.33,1896.67,Wholesale
SO002499,2023-12-26,James Brown,Ibadan,Mobile,Printer,4,681,0,2724,1579.86,1144.14,Wholesale
SO002500,2024-12-13,Jessica Okafor,Johannesburg,Computing,Office Chair,7,702,0.2,3931.2,2863.7,1067.5,Online
